PERMNO,date,TICKER,COMNAM,BIDLO,ASKHI,PRC,VOL,RET,BID,ASK,OPENPRC,vwretd,vwretx,ewretd,ewretx,sprtn
21936,2022/1/3,PFE,PFIZER INC,56.34,58.55,56.65,57253148,-0.040643,56.59,56.6,58.5,0.006155,0.006132,0.0133,0.013281,0.006374
21936,2022/1/4,PFE,PFIZER INC,53.94,56.43,54.53,66993082,-0.037423,54.53,54.54,56.22,-0.002351,-0.002398,-0.003614,-0.003626,-0.00063
21936,2022/1/5,PFE,PFIZER INC,55.37,56.44,55.63,52956422,0.020172,55.62,55.63,55.84,-0.021879,-0.021933,-0.022888,-0.022899,-0.019393
21936,2022/1/6,PFE,PFIZER INC,54.49,55.63,54.84,37000392,-0.014201,54.84,54.85,55.16,0.000161,0.000103,-0.000855,-0.000868,-0.000964
21936,2022/1/7,PFE,PFIZER INC,54.63,55.77,55.72,27703374,0.016047,55.71,55.72,55.36,-0.004164,-0.004304,-0.003449,-0.003472,-0.00405
21936,2022/1/10,PFE,PFIZER INC,54.74,56.26,56.24,34044653,0.009332,56.23,56.24,55.71,-0.001893,-0.001895,-0.006038,-0.006048,-0.001441
21936,2022/1/11,PFE,PFIZER INC,55.81,57.43,56.69,33576632,0.008001,56.69,56.7,56.75,0.010905,0.010904,0.0129,0.012893,0.00916
21936,2022/1/12,PFE,PFIZER INC,55.9,57.16,56.65,27608533,-0.000706,56.63,56.64,56.34,0.001817,0.001803,-0.001804,-0.001838,0.002818
21936,2022/1/13,PFE,PFIZER INC,55.22,56.75,55.54,28117937,-0.019594,55.53,55.54,56.53,-0.014356,-0.014445,-0.011682,-0.011786,-0.014244
21936,2022/1/14,PFE,PFIZER INC,54.51,55.38,54.95,27072545,-0.010623,54.94,54.95,54.98,0.000164,0.00015,-0.000537,-0.000581,0.00082
21936,2022/1/18,PFE,PFIZER INC,53.43,54.55,54.11,35607017,-0.015287,54.1,54.11,54.5,-0.019346,-0.01936,-0.020456,-0.020479,-0.018388
21936,2022/1/19,PFE,PFIZER INC,53.45,54.49,53.54,27300373,-0.010534,53.53,53.54,53.65,-0.009368,-0.009383,-0.007658,-0.007728,-0.00969
21936,2022/1/20,PFE,PFIZER INC,53.07,54.515,54.05,35105321,0.009526,54.04,54.05,53.96,-0.010991,-0.011044,-0.010844,-0.010875,-0.011037
21936,2022/1/21,PFE,PFIZER INC,52.4637,54.865,52.79,41058973,-0.023312,52.76,52.77,54.42,-0.019931,-0.019945,-0.020748,-0.020825,-0.018915
21936,2022/1/24,PFE,PFIZER INC,49.815,52.06,51.54,59080740,-0.023679,51.55,51.56,51.75,0.004196,0.004191,0.001777,0.001754,0.002772
21936,2022/1/25,PFE,PFIZER INC,51.24,52.835,52.54,43983174,0.019402,52.52,52.53,51.36,-0.01244,-0.012469,-0.003871,-0.003881,-0.012172
21936,2022/1/26,PFE,PFIZER INC,52.455,53.62,53.01,39644846,0.008946,52.99,53.01,52.57,-0.003579,-0.003587,-0.008831,-0.008841,-0.001497
21936,2022/1/27,PFE,PFIZER INC,53,54.58,53.37,36957197,0.014337,53.38,53.39,53.02,-0.008106,-0.008151,-0.017301,-0.01733,-0.005384
21936,2022/1/28,PFE,PFIZER INC,53.1,54.67,54.33,28590397,0.017988,54.33,54.34,53.77,0.022473,0.02235,0.012924,0.01285,0.024348
21936,2022/1/31,PFE,PFIZER INC,52.385,54.14,52.69,38644575,-0.030186,52.7,52.71,54,0.022431,0.022401,0.030493,0.030459,0.018886
21936,2022/2/1,PFE,PFIZER INC,52.39,53.16,53.07,27883325,0.007212,53.05,53.07,52.74,0.008548,0.008514,0.012938,0.012879,0.006863
21936,2022/2/2,PFE,PFIZER INC,52.45,54.13,53.86,32039345,0.014886,53.87,53.88,52.84,0.004746,0.004734,-0.008769,-0.008788,0.009423
21936,2022/2/3,PFE,PFIZER INC,53.09,53.89,53.38,22635803,-0.008912,53.38,53.39,53.325,-0.023331,-0.023379,-0.017392,-0.017426,-0.024391
21936,2022/2/4,PFE,PFIZER INC,52.63,53.43,53,24932162,-0.007119,53.05,53.06,53.02,0.007243,0.007094,0.007808,0.00777,0.005157
21936,2022/2/7,PFE,PFIZER INC,52.24,53.5776,53.21,32358536,0.003962,53.26,53.28,53.3,-0.001807,-0.001837,0.004501,0.004462,-0.003702
21936,2022/2/8,PFE,PFIZER INC,49.69,51.8,51.7,67921966,-0.028378,51.7,51.71,50.64,0.009147,0.00914,0.008339,0.008321,0.008401
21936,2022/2/9,PFE,PFIZER INC,50.9,51.715,51.47,38522207,-0.004449,51.46,51.47,51.64,0.016251,0.016166,0.016842,0.016818,0.014517
21936,2022/2/10,PFE,PFIZER INC,50.39,51.37,50.6,34200602,-0.016903,50.59,50.6,51.04,-0.016293,-0.016406,-0.010505,-0.010605,-0.018116
21936,2022/2/11,PFE,PFIZER INC,50.075,51.24,50.78,34997790,0.003557,50.76,50.77,50.33,-0.017672,-0.017716,-0.011637,-0.011691,-0.018969
21936,2022/2/14,PFE,PFIZER INC,48.48,50.5,49.8,42973119,-0.019299,49.79,49.8,49.82,-0.004128,-0.004236,-0.008027,-0.00814,-0.003841
21936,2022/2/15,PFE,PFIZER INC,49.21,50.0399,49.79,29161056,-0.000201,49.78,49.79,49.8,0.017622,0.017542,0.021559,0.021528,0.015767
21936,2022/2/16,PFE,PFIZER INC,49.43,50.775,49.68,27672592,-0.002209,49.68,49.69,49.59,0.000308,0.000219,0.001503,0.001478,0.000881
21936,2022/2/17,PFE,PFIZER INC,48.75,49.96,48.9,21231671,-0.0157,48.9,48.91,49.81,-0.021239,-0.021335,-0.017211,-0.017318,-0.021173
21936,2022/2/18,PFE,PFIZER INC,48.2,49.515,48.53,26955313,-0.007567,48.53,48.54,48.78,-0.008297,-0.008413,-0.01007,-0.010122,-0.007166
21936,2022/2/22,PFE,PFIZER INC,47.345,48.31,47.53,34814811,-0.020606,47.5,47.51,47.54,-0.011235,-0.011258,-0.014612,-0.014653,-0.010143
21936,2022/2/23,PFE,PFIZER INC,46.78,48.16,46.87,25792980,-0.013886,46.87,46.89,47.59,-0.018075,-0.018087,-0.013319,-0.013339,-0.018412
21936,2022/2/24,PFE,PFIZER INC,45.4,46.755,45.96,44227348,-0.019415,45.95,45.96,45.86,0.016083,0.016019,0.013783,0.013731,0.014957
21936,2022/2/25,PFE,PFIZER INC,45.74,48.03,47.72,31199192,0.038294,47.72,47.73,45.81,0.022121,0.022022,0.016934,0.016865,0.022373
21936,2022/2/28,PFE,PFIZER INC,46.34,47.17,46.94,35296050,-0.016345,46.93,46.94,46.82,-0.000365,-0.000452,0.002819,0.002764,-0.002443
21936,2022/3/1,PFE,PFIZER INC,45.44,47.1368,45.75,29854506,-0.025351,45.74,45.75,46.69,-0.015027,-0.015087,-0.01042,-0.010501,-0.015473
21936,2022/3/2,PFE,PFIZER INC,46,47.93,47.7,36516150,0.042623,47.69,47.7,46.11,0.017773,0.017744,0.013006,0.012986,0.018643
21936,2022/3/3,PFE,PFIZER INC,47.48,48.585,47.83,30553340,0.002725,47.83,47.84,47.68,-0.008077,-0.008183,-0.011302,-0.011354,-0.005255
21936,2022/3/4,PFE,PFIZER INC,47.41,48.77,48.65,33222898,0.017144,48.64,48.65,47.5,-0.010171,-0.01023,-0.013542,-0.013578,-0.007934
21936,2022/3/7,PFE,PFIZER INC,47.515,48.84,47.98,33171300,-0.013772,47.98,47.99,48.25,-0.029143,-0.029166,-0.017518,-0.017555,-0.029518
21936,2022/3/8,PFE,PFIZER INC,46.465,48.4182,47.44,32913298,-0.011255,47.43,47.44,47.58,-0.004392,-0.004414,0.005647,0.005616,-0.007234
21936,2022/3/9,PFE,PFIZER INC,48,49.22,48.75,24718917,0.027614,48.75,48.76,48.13,0.026287,0.02617,0.02388,0.023837,0.025698
21936,2022/3/10,PFE,PFIZER INC,48.05,49.29,49.2,24542343,0.009231,49.19,49.2,48.305,-0.004184,-0.004273,-0.004556,-0.004681,-0.004292
21936,2022/3/11,PFE,PFIZER INC,48.9425,50.9,50.27,33701925,0.021748,50.27,50.28,49.14,-0.013741,-0.013784,-0.016071,-0.016118,-0.012962
21936,2022/3/14,PFE,PFIZER INC,50.39,52.91,52.25,42314540,0.039387,52.24,52.25,50.72,-0.010539,-0.010753,-0.021574,-0.021771,-0.007421
21936,2022/3/15,PFE,PFIZER INC,51.18,52.92,52.21,30172127,-0.000766,52.24,52.25,52.62,0.019118,0.019091,0.010654,0.010596,0.021408
21936,2022/3/16,PFE,PFIZER INC,52.18,53.27,52.92,29891423,0.013599,52.92,52.93,52.54,0.025417,0.02538,0.031026,0.03094,0.022384
21936,2022/3/17,PFE,PFIZER INC,52.79,54.25,54.24,30598584,0.024943,54.24,54.25,52.92,0.013941,0.01386,0.018967,0.018909,0.012348
21936,2022/3/18,PFE,PFIZER INC,53.705,55,54.51,51814974,0.004978,54.44,54.49,54.38,0.012298,0.012253,0.013125,0.013057,0.011662
21936,2022/3/21,PFE,PFIZER INC,53.9,55.3,54.19,34592463,-0.00587,54.19,54.2,54.24,-0.00173,-0.001826,-0.004166,-0.00429,-0.000435
21936,2022/3/22,PFE,PFIZER INC,52.495,54.32,53.04,32253610,-0.021222,53.09,53.1,54.2,0.01177,0.011729,0.012433,0.01237,0.011304
21936,2022/3/23,PFE,PFIZER INC,52.155,53.5,52.19,29183686,-0.016026,52.18,52.19,53.02,-0.011877,-0.011976,-0.007287,-0.007393,-0.012273
21936,2022/3/24,PFE,PFIZER INC,52.29,52.845,52.59,25177484,0.007664,52.59,52.6,52.54,0.013111,0.012961,0.008528,0.008433,0.014344
21936,2022/3/25,PFE,PFIZER INC,52.51,53.25,52.78,17435470,0.003613,52.77,52.78,52.74,0.003084,0.003059,-0.003684,-0.003765,0.005066
21936,2022/3/28,PFE,PFIZER INC,52.5,53.56,53.28,21863713,0.009473,53.27,53.28,52.53,0.006122,0.006119,-0.002104,-0.002124,0.007145
21936,2022/3/29,PFE,PFIZER INC,52.62,54.08,52.74,39970032,-0.010135,52.74,52.75,54,0.014708,0.014705,0.017348,0.017323,0.012257
21936,2022/3/30,PFE,PFIZER INC,51.9701,53.7199,52.44,27599649,-0.005688,52.44,52.45,53.2,-0.007642,-0.007787,-0.008686,-0.00884,-0.006294
21936,2022/3/31,PFE,PFIZER INC,51.74,52.875,51.77,26055234,-0.012776,51.77,51.78,52,-0.014539,-0.014594,-0.009262,-0.009301,-0.015653
21936,2022/4/1,PFE,PFIZER INC,51.1,52.16,51.57,19073138,-0.003863,51.56,51.57,52.12,0.004477,0.004431,0.006133,0.006019,0.00341
21936,2022/4/4,PFE,PFIZER INC,50.37,51.87,50.94,20491535,-0.012216,50.93,50.94,51.78,0.008315,0.00829,0.008491,0.008472,0.008091
21936,2022/4/5,PFE,PFIZER INC,50.75,52.15,51.24,21176708,0.005889,51.27,51.28,50.81,-0.014787,-0.014892,-0.015893,-0.015914,-0.012552
21936,2022/4/6,PFE,PFIZER INC,51.16,53.09,52.87,31717523,0.031811,52.87,52.88,51.16,-0.011276,-0.01128,-0.012338,-0.012353,-0.009717
21936,2022/4/7,PFE,PFIZER INC,52.5,55.41,55.16,36305670,0.043314,55.15,55.16,52.5,0.00248,0.002363,-0.003872,-0.003907,0.004253
21936,2022/4/8,PFE,PFIZER INC,54.46,55.58,55.17,24612246,0.000181,55.22,55.24,54.85,-0.003214,-0.003234,-0.004984,-0.005046,-0.002651
21936,2022/4/11,PFE,PFIZER INC,53.775,56.32,53.93,22054311,-0.022476,53.96,53.97,55.46,-0.014385,-0.014387,-0.010571,-0.010586,-0.016877
21936,2022/4/12,PFE,PFIZER INC,52.645,53.93,53.11,22810733,-0.015205,53.1,53.11,53.3,-0.002728,-0.002781,-0.002382,-0.002421,-0.003418
21936,2022/4/13,PFE,PFIZER INC,52.7,53.82,53.1,15777806,-0.000188,53.1,53.11,53.13,0.013356,0.013214,0.013674,0.01356,0.011175
21936,2022/4/14,PFE,PFIZER INC,53.04,53.9094,53.12,17240120,0.000377,53.12,53.13,53.4,-0.011685,-0.01169,-0.008326,-0.008381,-0.012144
21936,2022/4/18,PFE,PFIZER INC,51.63,53.11,51.84,17065045,-0.024096,51.85,51.86,52.83,-0.002124,-0.00213,-0.009658,-0.009698,-0.000205
21936,2022/4/19,PFE,PFIZER INC,49.37,51.88,50.18,33441510,-0.032022,50.18,50.19,51.66,0.016324,0.016239,0.012954,0.012892,0.016058
21936,2022/4/20,PFE,PFIZER INC,49.21,50.16,49.75,24751803,-0.008569,49.73,49.75,50,-0.000861,-0.000871,-0.000075,-0.000091,-0.000619
21936,2022/4/21,PFE,PFIZER INC,48.92,50.01,49.11,19105575,-0.012864,49.11,49.12,49.93,-0.016871,-0.016932,-0.019458,-0.01954,-0.014753
21936,2022/4/22,PFE,PFIZER INC,47.9,49.1,48.13,22156801,-0.019955,48.13,48.14,48.95,-0.026382,-0.02642,-0.017404,-0.017433,-0.02774
21936,2022/4/25,PFE,PFIZER INC,47.12,49.19,48.95,27390591,0.017037,48.95,48.96,47.85,0.005326,0.005315,0.00124,0.001227,0.005698
21936,2022/4/26,PFE,PFIZER INC,48.92,50.25,49.03,25366482,0.001634,49.03,49.06,48.99,-0.028338,-0.028347,-0.024434,-0.024446,-0.028146
21936,2022/4/27,PFE,PFIZER INC,48.21,49.91,49.74,25819237,0.014481,49.73,49.74,49.11,0.001297,0.001286,-0.001817,-0.001849,0.002098
21936,2022/4/28,PFE,PFIZER INC,49.485,50.7699,50.51,28227723,0.01548,50.55,50.56,50.44,0.022979,0.022902,0.012195,0.01213,0.024747
21936,2022/4/29,PFE,PFIZER INC,49,50.335,49.07,28343298,-0.028509,49.08,49.09,49.87,-0.033543,-0.033638,-0.017716,-0.017776,-0.036285
21936,2022/5/2,PFE,PFIZER INC,47.46,48.76,48.34,36228410,-0.014877,48.45,48.46,47.68,0.005966,0.005917,0.005146,0.005059,0.005675
21936,2022/5/3,PFE,PFIZER INC,47.7,50.04,49.29,33716935,0.019652,49.31,49.33,48.87,0.005109,0.0051,0.006211,0.006196,0.004837
21936,2022/5/4,PFE,PFIZER INC,47.91,49.87,49.66,28613655,0.007507,49.68,49.7,48.89,0.027983,0.027962,0.017719,0.017688,0.029862
21936,2022/5/5,PFE,PFIZER INC,47.55,49.55,48.45,28333001,-0.024366,48.56,48.58,49.46,-0.036281,-0.036384,-0.031048,-0.031096,-0.03565
21936,2022/5/6,PFE,PFIZER INC,48.04,49.215,49.04,19891434,0.012178,49.06,49.07,48.09,-0.008396,-0.008523,-0.01459,-0.014644,-0.005674
21936,2022/5/9,PFE,PFIZER INC,47.77,49.17,48.64,25012347,-0.008157,48.66,48.68,48.38,-0.035487,-0.035549,-0.04038,-0.040423,-0.032037
21936,2022/5/10,PFE,PFIZER INC,48.685,49.9,49.49,27335888,0.017475,49.48,49.49,49.04,0.001277,0.001268,-0.003265,-0.0033,0.002458
21936,2022/5/11,PFE,PFIZER INC,49.03,50.235,49.45,29699499,-0.000808,49.45,49.46,49.07,-0.017115,-0.017157,-0.022909,-0.022976,-0.016463
21936,2022/5/12,PFE,PFIZER INC,48.72,50.43,50.39,33468441,0.027098,50.42,50.43,49,0.00147,0.001178,0.005678,0.005529,-0.001296
21936,2022/5/13,PFE,PFIZER INC,49.68,50.79,49.92,22423685,-0.009327,49.9,49.91,50.38,0.026999,0.026881,0.030828,0.030672,0.02387
21936,2022/5/16,PFE,PFIZER INC,49.87,51.05,50.67,19435565,0.015024,50.68,50.69,49.87,-0.004679,-0.004741,-0.00176,-0.001805,-0.003946
21936,2022/5/17,PFE,PFIZER INC,50.18,51.52,51.34,19918199,0.013223,51.34,51.36,50.95,0.020557,0.020512,0.023178,0.023145,0.02017
21936,2022/5/18,PFE,PFIZER INC,50.16,51.42,50.4,22275985,-0.018309,50.4,50.43,51.22,-0.037661,-0.037821,-0.025583,-0.025605,-0.040395
21936,2022/5/19,PFE,PFIZER INC,49.59,50.885,50.65,19865522,0.00496,50.65,50.66,50,-0.002115,-0.002238,0.005998,0.0059,-0.005834
21936,2022/5/20,PFE,PFIZER INC,51.13,52.6999,52.47,31250361,0.035933,52.46,52.47,51.265,-0.000026,-0.000056,-0.003057,-0.003132,0.000146
21936,2022/5/23,PFE,PFIZER INC,52.48,53.695,52.88,24035842,0.007814,52.85,52.86,52.58,0.016398,0.01631,0.008201,0.008123,0.018555
21936,2022/5/24,PFE,PFIZER INC,52.71,53.608,53.41,26729783,0.010023,53.45,53.46,52.71,-0.010605,-0.010632,-0.015893,-0.015944,-0.008121
21936,2022/5/25,PFE,PFIZER INC,53.045,54.05,53.71,24003920,0.005617,53.73,53.76,53.2,0.011199,0.011184,0.013029,0.013014,0.009451
21936,2022/5/26,PFE,PFIZER INC,53.88,54.92,53.99,23516309,0.005213,54,54.01,54.06,0.019776,0.019729,0.017453,0.017397,0.019883
21936,2022/5/27,PFE,PFIZER INC,53.515,54.405,53.91,21407507,-0.001482,53.91,53.92,53.92,0.024482,0.024332,0.020715,0.020633,0.024742
21936,2022/5/31,PFE,PFIZER INC,51.94,53.495,53.04,66058201,-0.016138,53.1,53.12,53.32,-0.006957,-0.00705,-0.004159,-0.004236,-0.006274
21936,2022/6/1,PFE,PFIZER INC,51.835,53.28,52.37,17430568,-0.012632,52.37,52.38,53.25,-0.006968,-0.007092,-0.007004,-0.007122,-0.007483
21936,2022/6/2,PFE,PFIZER INC,51.0415,52.74,52.68,21903359,0.005919,52.69,52.7,52.37,0.020266,0.020123,0.018635,0.018575,0.018431
21936,2022/6/3,PFE,PFIZER INC,52.46,53.53,53.2,18124958,0.009871,53.2,53.21,52.46,-0.01536,-0.015442,-0.006476,-0.006519,-0.016347
21936,2022/6/6,PFE,PFIZER INC,53,53.715,53.26,16544398,0.001128,53.22,53.23,53.19,0.002954,0.002947,-0.000232,-0.000244,0.003137
21936,2022/6/7,PFE,PFIZER INC,53.01,53.97,53.96,15091194,0.013143,53.95,53.96,53.28,0.009806,0.009779,0.010778,0.010758,0.009523
21936,2022/6/8,PFE,PFIZER INC,53.41,54.56,53.47,12789802,-0.009081,53.46,53.47,54.06,-0.010409,-0.010446,-0.002544,-0.002573,-0.010794
21936,2022/6/9,PFE,PFIZER INC,51.7,53.65,51.78,17578108,-0.031607,51.77,51.78,53.265,-0.02358,-0.023822,-0.018039,-0.018311,-0.023799
21936,2022/6/10,PFE,PFIZER INC,49.95,51.37,49.97,23832187,-0.034956,49.98,49.99,51.31,-0.028242,-0.02827,-0.022558,-0.022657,-0.02911
21936,2022/6/13,PFE,PFIZER INC,47.71,49.28,47.91,26988989,-0.041225,47.92,47.93,48.82,-0.040683,-0.040691,-0.043392,-0.043413,-0.038768
21936,2022/6/14,PFE,PFIZER INC,47.22,48.465,47.92,23290327,0.000209,47.96,47.98,47.75,-0.003455,-0.003757,-0.004295,-0.004543,-0.003774
21936,2022/6/15,PFE,PFIZER INC,47.18,48.98,48.51,25747996,0.012312,48.47,48.48,47.88,0.014988,0.014946,0.014309,0.01424,0.014593
21936,2022/6/16,PFE,PFIZER INC,47.055,48,47.48,20424508,-0.021233,47.52,47.53,47.69,-0.034246,-0.03434,-0.030492,-0.030618,-0.032512
21936,2022/6/17,PFE,PFIZER INC,46.28,48.03,46.53,45047693,-0.020008,46.5,46.51,47.38,0.004,0.003939,0.009816,0.009687,0.002201
21936,2022/6/21,PFE,PFIZER INC,46.954,48.44,48.11,19622147,0.033957,48.11,48.12,47.32,0.022508,0.022318,0.01447,0.014232,0.024477
21936,2022/6/22,PFE,PFIZER INC,47.7708,49.579,49.07,20384884,0.019954,49.05,49.06,48.03,-0.002209,-0.002256,-0.002164,-0.002397,-0.001302
21936,2022/6/23,PFE,PFIZER INC,48.98,50.17,50.09,20061654,0.020787,50.08,50.09,49.23,0.009173,0.009074,0.010361,0.010309,0.009532
21936,2022/6/24,PFE,PFIZER INC,50.3,51.64,51.59,24343179,0.029946,51.6,51.62,50.65,0.029803,0.029751,0.018007,0.017718,0.030563
21936,2022/6/27,PFE,PFIZER INC,51.26,52.225,51.88,16154272,0.005621,51.88,51.9,51.48,-0.002129,-0.002163,0.001884,0.001822,-0.002973
21936,2022/6/28,PFE,PFIZER INC,50.41,51.97,50.66,16458770,-0.023516,50.66,50.67,51.83,-0.018708,-0.01871,-0.013435,-0.013472,-0.020143
21936,2022/6/29,PFE,PFIZER INC,50.66,51.44,50.94,13925665,0.005527,50.93,50.94,50.73,-0.002681,-0.002871,-0.008789,-0.009096,-0.000712
21936,2022/6/30,PFE,PFIZER INC,51.085,52.885,52.43,33495729,0.02925,52.5,52.51,51.69,-0.008945,-0.009068,-0.006289,-0.006331,-0.008759
21936,2022/7/1,PFE,PFIZER INC,51.25,52.37,52.31,16143272,-0.002289,52.31,52.32,52.04,0.011007,0.010912,0.007705,0.007554,0.010554
21936,2022/7/5,PFE,PFIZER INC,50.4,51.89,51.64,18407846,-0.012808,51.66,51.67,51.75,0.002031,0.001907,0.004354,0.004306,0.001584
21936,2022/7/6,PFE,PFIZER INC,51.58,52.96,52.75,21305527,0.021495,52.75,52.76,51.64,0.000678,0.000663,-0.004074,-0.004098,0.003573
21936,2022/7/7,PFE,PFIZER INC,52.79,53.54,53.42,17847629,0.012701,53.39,53.4,52.95,0.016903,0.016796,0.021121,0.021088,0.014965
21936,2022/7/8,PFE,PFIZER INC,52.76,53.92,53.17,11322704,-0.00468,53.18,53.19,53.05,-0.000824,-0.000887,0.002676,0.002598,-0.00083
21936,2022/7/11,PFE,PFIZER INC,52.75,53.74,52.89,12924938,-0.005266,52.88,52.89,53,-0.013163,-0.013182,-0.016265,-0.016284,-0.011527
21936,2022/7/12,PFE,PFIZER INC,51.705,52.78,52.04,14633528,-0.016071,52.05,52.06,52.69,-0.008058,-0.008074,-0.002621,-0.00264,-0.009244
21936,2022/7/13,PFE,PFIZER INC,51.51,52.31,51.79,12927324,-0.004804,51.79,51.8,51.86,-0.003428,-0.003444,-0.000128,-0.000141,-0.004457
21936,2022/7/14,PFE,PFIZER INC,50.63,51.59,51.39,14023836,-0.007724,51.39,51.4,50.75,-0.005548,-0.005656,-0.010477,-0.010627,-0.002999
21936,2022/7/15,PFE,PFIZER INC,50.43,51.91,51.75,19885710,0.007005,51.72,51.73,51.04,0.018546,0.018543,0.012759,0.012743,0.019201
21936,2022/7/18,PFE,PFIZER INC,50.52,51.97,50.75,15742859,-0.019324,50.73,50.74,51.96,-0.005552,-0.005558,0.000888,0.000849,-0.008364
21936,2022/7/19,PFE,PFIZER INC,50.605,51.51,51.37,13402113,0.012217,51.34,51.35,51.04,0.027381,0.027351,0.022051,0.02203,0.027628
21936,2022/7/20,PFE,PFIZER INC,50.5137,51.46,50.82,12774396,-0.010707,50.81,50.82,51.39,0.007873,0.007861,0.010834,0.010808,0.005896
21936,2022/7/21,PFE,PFIZER INC,50.18,51.14,51.12,15103832,0.005903,51.13,51.14,50.57,0.009349,0.009261,0.004848,0.004749,0.009861
21936,2022/7/22,PFE,PFIZER INC,50.95,51.53,51.23,10932118,0.002152,51.25,51.26,51.26,-0.010469,-0.010481,-0.013783,-0.013814,-0.009332
21936,2022/7/25,PFE,PFIZER INC,51.34,51.875,51.77,12995817,0.010541,51.76,51.77,51.34,0.001988,0.001959,0.001669,0.001661,0.001315
21936,2022/7/26,PFE,PFIZER INC,51.71,52.85,52.3,16632506,0.010238,52.29,52.3,51.84,-0.01184,-0.011849,-0.008892,-0.00891,-0.011543
21936,2022/7/27,PFE,PFIZER INC,51.185,52.2544,51.95,19203522,-0.006692,51.9,51.93,51.94,0.025315,0.025307,0.01808,0.017956,0.026156
21936,2022/7/28,PFE,PFIZER INC,49.1,52.33,50.72,38984890,-0.015977,50.65,50.66,50.845,0.012436,0.012313,0.009486,0.009428,0.012133
21936,2022/7/29,PFE,PFIZER INC,49.28,50.71,50.51,25037899,-0.00414,50.52,50.54,50.56,0.013414,0.013266,0.005708,0.005646,0.014208
21936,2022/8/1,PFE,PFIZER INC,50.15,51.3,50.61,19709862,0.00198,50.6,50.61,50.32,-0.002154,-0.002226,0.000041,-0.000065,-0.002823
21936,2022/8/2,PFE,PFIZER INC,49.63,51.47,49.69,17802024,-0.018178,49.69,49.7,50.9,-0.005244,-0.005251,0.003821,0.003804,-0.006662
21936,2022/8/3,PFE,PFIZER INC,49.34,50.07,49.86,16500076,0.003421,49.86,49.88,49.79,0.014969,0.014945,0.014301,0.014279,0.015638
21936,2022/8/4,PFE,PFIZER INC,49.21,50.045,49.86,17026274,0,49.86,49.87,49.9,-0.000469,-0.000552,0.004259,0.004217,-0.000777
21936,2022/8/5,PFE,PFIZER INC,49.0629,49.97,49.27,16376601,-0.011833,49.24,49.25,49.64,-0.000378,-0.000498,0.00531,0.005246,-0.001626
21936,2022/8/8,PFE,PFIZER INC,48.94,49.81,49.57,16077441,0.006089,49.54,49.55,49.39,0.001213,0.001189,0.009318,0.009293,-0.001238
21936,2022/8/9,PFE,PFIZER INC,49.52,50.11,49.78,12095585,0.004236,49.78,49.79,49.75,-0.006349,-0.006397,-0.013252,-0.013285,-0.004249
21936,2022/8/10,PFE,PFIZER INC,49.38,50.045,49.95,17355136,0.003415,49.93,49.94,49.925,0.022615,0.022567,0.021278,0.021218,0.021291
21936,2022/8/11,PFE,PFIZER INC,47.81,49.13,48.29,44048790,-0.033233,48.29,48.3,48.22,-0.000224,-0.000436,0.003621,0.003515,-0.000705
21936,2022/8/12,PFE,PFIZER INC,48.55,50.39,50.11,25835465,0.037689,50.09,50.1,48.55,0.016856,0.016711,0.01363,0.013452,0.017322
21936,2022/8/15,PFE,PFIZER INC,49.385,50.065,49.75,15797763,-0.007184,49.75,49.76,49.97,0.002804,0.002775,0.001988,0.001938,0.003969
21936,2022/8/16,PFE,PFIZER INC,49.36,50.18,49.86,12874773,0.002211,49.87,49.88,49.38,0.001907,0.001859,-0.001821,-0.00189,0.001876
21936,2022/8/17,PFE,PFIZER INC,49.25,49.86,49.27,13607173,-0.011833,49.27,49.28,49.65,-0.00919,-0.009323,-0.012785,-0.012821,-0.007238
21936,2022/8/18,PFE,PFIZER INC,48.38,49.5198,48.58,18916324,-0.014004,48.59,48.6,49.39,0.002709,0.002565,0.00217,0.00211,0.00227
21936,2022/8/19,PFE,PFIZER INC,48.73,49.445,49.15,15350198,0.011733,49.15,49.16,48.84,-0.01464,-0.01467,-0.01799,-0.018043,-0.0129
21936,2022/8/22,PFE,PFIZER INC,48.735,49.395,48.9,13601214,-0.005086,48.91,48.92,49.21,-0.020291,-0.0204,-0.016149,-0.016205,-0.0214
21936,2022/8/23,PFE,PFIZER INC,47.76,48.52,48.01,16248857,-0.0182,48.01,48.02,48.42,-0.000707,-0.000731,0.002982,0.002888,-0.002238
21936,2022/8/24,PFE,PFIZER INC,47.38,48.01,47.43,15551472,-0.012081,47.47,47.48,47.9,0.003947,0.003926,0.00736,0.007332,0.002916
21936,2022/8/25,PFE,PFIZER INC,47.27,47.95,47.9,14460001,0.009909,47.93,47.94,47.52,0.014208,0.014181,0.01061,0.010566,0.014092
21936,2022/8/26,PFE,PFIZER INC,46.701,47.96,46.82,16546733,-0.022547,46.83,46.84,47.62,-0.031867,-0.031897,-0.023938,-0.023968,-0.033688
21936,2022/8/29,PFE,PFIZER INC,46.12,46.69,46.23,13400450,-0.012601,46.25,46.26,46.375,-0.006512,-0.006546,-0.005659,-0.005681,-0.006666
21936,2022/8/30,PFE,PFIZER INC,45.795,46.35,45.85,16303015,-0.00822,45.84,45.85,46.34,-0.011447,-0.011539,-0.012022,-0.01219,-0.011028
21936,2022/8/31,PFE,PFIZER INC,45.13,46.285,45.23,26416771,-0.013522,45.21,45.22,46.01,-0.007189,-0.007349,-0.002479,-0.002562,-0.007817
21936,2022/9/1,PFE,PFIZER INC,45.14,46.65,46.63,19947618,0.030953,46.62,46.63,45.14,-0.001093,-0.001297,-0.009851,-0.010028,0.002996
21936,2022/9/2,PFE,PFIZER INC,45.53,46.8,45.7,14667687,-0.019944,45.7,45.71,46.74,-0.008552,-0.008609,-0.004037,-0.004057,-0.010736
21936,2022/9/6,PFE,PFIZER INC,45.53,46.44,45.76,17153474,0.001313,45.79,45.8,45.96,-0.004937,-0.00498,-0.00864,-0.008672,-0.004095
21936,2022/9/7,PFE,PFIZER INC,45.38,46.21,46.13,15378914,0.008086,46.14,46.15,45.7,0.018279,0.018248,0.014478,0.014461,0.018341
21936,2022/9/8,PFE,PFIZER INC,45.87,47.12,47.08,18271038,0.020594,47.07,47.08,46.02,0.007387,0.007287,0.006252,0.00617,0.006611
21936,2022/9/9,PFE,PFIZER INC,47.1,47.99,47.84,17509282,0.016143,47.84,47.85,47.2,0.016682,0.016615,0.015483,0.015397,0.015271
21936,2022/9/12,PFE,PFIZER INC,47.69,48.35,47.76,13744796,-0.001672,47.79,47.8,48.08,0.010793,0.010791,0.008578,0.008555,0.010584
21936,2022/9/13,PFE,PFIZER INC,46.02,47.32,46.19,16603176,-0.032873,46.18,46.19,47.13,-0.04055,-0.040575,-0.027192,-0.027229,-0.043237
21936,2022/9/14,PFE,PFIZER INC,45.78,46.41,46.15,17162514,-0.000866,46.15,46.16,46.2,0.003995,0.003749,0.000535,0.000313,0.003387
21936,2022/9/15,PFE,PFIZER INC,45.7,46.29,45.94,15801972,-0.00455,45.93,45.94,46.11,-0.010278,-0.010381,-0.005651,-0.005748,-0.011318
21936,2022/9/16,PFE,PFIZER INC,45.64,46.62,46.03,30629508,0.001959,46.03,46.04,46.09,-0.009523,-0.009581,-0.014128,-0.014229,-0.007182
21936,2022/9/19,PFE,PFIZER INC,44.78,45.88,45.44,16256161,-0.012818,45.45,45.46,45.68,0.006945,0.006828,-0.001124,-0.001314,0.006857
21936,2022/9/20,PFE,PFIZER INC,44.44,45.27,44.77,15368999,-0.014745,44.78,44.79,45,-0.012176,-0.012195,-0.013387,-0.013452,-0.011272
21936,2022/9/21,PFE,PFIZER INC,43.9,44.98,43.92,17505210,-0.018986,43.9,43.91,44.81,-0.015952,-0.016015,-0.012529,-0.012698,-0.017116
21936,2022/9/22,PFE,PFIZER INC,43.52,45,44.57,18508104,0.0148,44.56,44.57,43.67,-0.011461,-0.011499,-0.017337,-0.017457,-0.008428
21936,2022/9/23,PFE,PFIZER INC,43.575,44.56,44.08,18871669,-0.010994,44.1,44.11,44.44,-0.019087,-0.019174,-0.022912,-0.02302,-0.017233
21936,2022/9/26,PFE,PFIZER INC,43.67,44.33,43.83,18680218,-0.005672,43.85,43.86,43.81,-0.011469,-0.011587,-0.013512,-0.013625,-0.010341
21936,2022/9/27,PFE,PFIZER INC,43.735,44.58,44.09,21562666,0.005932,44.14,44.15,44.22,-0.00073,-0.000789,0.001846,0.001802,-0.00212
21936,2022/9/28,PFE,PFIZER INC,44.215,44.81,44.43,16532559,0.007712,44.39,44.4,44.67,0.021612,0.021531,0.022669,0.022609,0.019672
21936,2022/9/29,PFE,PFIZER INC,43.95,44.62,44.16,13559863,-0.006077,44.18,44.19,44.41,-0.020934,-0.021131,-0.019556,-0.019807,-0.021126
21936,2022/9/30,PFE,PFIZER INC,43.73,44.605,43.76,22962293,-0.009058,43.84,43.85,44.17,-0.012297,-0.012335,-0.004068,-0.004121,-0.015067
21936,2022/10/3,PFE,PFIZER INC,43.49,44.28,44.14,22834282,0.008684,44.11,44.12,44.07,0.025437,0.025345,0.020441,0.020294,0.025884
21936,2022/10/4,PFE,PFIZER INC,44.09,44.84,44.46,28198847,0.00725,44.46,44.47,44.25,0.032369,0.032305,0.030581,0.030556,0.030584
21936,2022/10/5,PFE,PFIZER INC,43.68,44.37,44.12,15673442,-0.007647,44.11,44.12,44.12,-0.003162,-0.003229,-0.004575,-0.004594,-0.002018
21936,2022/10/6,PFE,PFIZER INC,43.04,43.775,43.09,22068158,-0.023345,43.09,43.1,43.76,-0.009342,-0.009541,-0.004077,-0.004108,-0.010245
21936,2022/10/7,PFE,PFIZER INC,41.9208,43.05,42.32,20095005,-0.01787,42.35,42.36,43.05,-0.027375,-0.0274,-0.023965,-0.024003,-0.028004
21936,2022/10/10,PFE,PFIZER INC,41.75,42.62,41.75,17888002,-0.013469,41.77,41.78,42.35,-0.008193,-0.008193,-0.009718,-0.009718,-0.007492
21936,2022/10/11,PFE,PFIZER INC,41.445,42.57,41.92,20981150,0.004072,41.91,41.92,41.66,-0.006415,-0.006436,-0.005654,-0.005676,-0.006519
21936,2022/10/12,PFE,PFIZER INC,41.92,43.14,42.03,18803628,0.002624,42.03,42.04,42.09,-0.002909,-0.002934,-0.001043,-0.001117,-0.003291
21936,2022/10/13,PFE,PFIZER INC,41.7,43.16,42.98,23135226,0.022603,42.96,42.97,41.76,0.02343,0.023321,0.013601,0.013478,0.025966
21936,2022/10/14,PFE,PFIZER INC,42.36,43.375,42.86,16983573,-0.002792,42.92,42.93,42.89,-0.02371,-0.023747,-0.018166,-0.018231,-0.023663
21936,2022/10/17,PFE,PFIZER INC,43.19,43.81,43.65,16678396,0.018432,43.65,43.66,43.19,0.026731,0.02673,0.02004,0.020029,0.02648
21936,2022/10/18,PFE,PFIZER INC,43.6201,44.36,44.09,18442763,0.01008,44.1,44.11,44.05,0.011592,0.011576,0.008468,0.008451,0.011428
21936,2022/10/19,PFE,PFIZER INC,42.74,44.07,43.11,23054685,-0.022227,43.11,43.13,43.91,-0.008946,-0.008948,-0.014353,-0.014364,-0.006672
21936,2022/10/20,PFE,PFIZER INC,42.8226,43.41,42.91,17714964,-0.004639,42.89,42.9,43.27,-0.007498,-0.007574,-0.004555,-0.00459,-0.007951
21936,2022/10/21,PFE,PFIZER INC,42.99,45.16,44.95,36575713,0.047541,44.97,44.98,43.31,0.022119,0.022018,0.012484,0.012348,0.023725
21936,2022/10/24,PFE,PFIZER INC,44.985,45.87,45.54,24971991,0.013126,45.56,45.57,45.075,0.0087,0.008692,-0.003333,-0.003372,0.011882
21936,2022/10/25,PFE,PFIZER INC,44.89,45.82,45.59,23126979,0.001098,45.62,45.63,45.27,0.01829,0.018255,0.022517,0.022478,0.016267
21936,2022/10/26,PFE,PFIZER INC,45.62,46.65,46.06,21413029,0.010309,46.06,46.07,45.92,-0.004575,-0.004587,0.004725,0.004701,-0.007388
21936,2022/10/27,PFE,PFIZER INC,45.68,46.1079,45.74,20377727,-0.006947,45.77,45.78,45.81,-0.004139,-0.004165,-0.001551,-0.001577,-0.006083
21936,2022/10/28,PFE,PFIZER INC,45.93,47.52,47.43,27854043,0.036948,47.47,47.48,45.98,0.021281,0.021156,0.011624,0.011532,0.024626
21936,2022/10/31,PFE,PFIZER INC,46.54,47.385,46.55,29961713,-0.018554,46.58,46.59,47.08,-0.005972,-0.00602,-0.002005,-0.002034,-0.007454
21936,2022/11/1,PFE,PFIZER INC,47.4,48.42,48.01,30614537,0.031364,48,48.01,48,-0.002194,-0.002254,0.003938,0.003823,-0.004101
21936,2022/11/2,PFE,PFIZER INC,46.95,48.17,47.07,25813065,-0.019579,47.05,47.06,47.77,-0.025073,-0.025089,-0.020792,-0.020811,-0.025002
21936,2022/11/3,PFE,PFIZER INC,46.16,46.8,46.57,20124634,-0.002124,46.55,46.56,46.36,-0.008895,-0.009007,-0.003951,-0.003999,-0.010586
21936,2022/11/4,PFE,PFIZER INC,46.61,47.54,47.22,24528468,0.013958,47.24,47.25,47.47,0.013226,0.013057,0.009348,0.009273,0.013619
21936,2022/11/7,PFE,PFIZER INC,46.75,47.65,47.09,20304409,-0.002753,47.15,47.17,47.16,0.008101,0.00808,0.003382,0.003347,0.009614
21936,2022/11/8,PFE,PFIZER INC,46.745,47.75,47.35,18054518,0.005521,47.37,47.38,47.04,0.005273,0.005254,-0.000576,-0.000602,0.005598
21936,2022/11/9,PFE,PFIZER INC,46.7,47.5,46.72,15348092,-0.013305,46.74,46.75,47.16,-0.021136,-0.021295,-0.02347,-0.023553,-0.020778
21936,2022/11/10,PFE,PFIZER INC,46.85,47.75,47.38,20480615,0.014127,47.4,47.41,47.525,0.055288,0.055212,0.04409,0.043994,0.055434
21936,2022/11/11,PFE,PFIZER INC,46.31,47.695,47.6,20909838,0.004643,47.58,47.59,47.07,0.010538,0.010538,0.016071,0.016071,0.009241
21936,2022/11/14,PFE,PFIZER INC,47.93,49.82,49.24,25876172,0.034454,49.27,49.28,47.99,-0.009507,-0.00974,-0.006578,-0.006767,-0.008936
21936,2022/11/15,PFE,PFIZER INC,48.18,49.525,48.57,25440490,-0.013607,48.55,48.56,49.34,0.010174,0.010118,0.010383,0.010329,0.008713
21936,2022/11/16,PFE,PFIZER INC,48.05,49.06,48.05,15822201,-0.010706,48.07,48.08,48.8,-0.009704,-0.00987,-0.013796,-0.013843,-0.008252
21936,2022/11/17,PFE,PFIZER INC,47.53,48.495,48.33,13237454,0.005827,48.35,48.36,47.8,-0.004122,-0.004313,-0.006169,-0.006269,-0.003089
21936,2022/11/18,PFE,PFIZER INC,47.87,48.83,48.23,20666479,-0.002069,48.25,48.26,48.64,0.004185,0.004151,0.000658,0.000608,0.004759
21936,2022/11/21,PFE,PFIZER INC,47.72,48.28,48.18,14735974,-0.001037,48.19,48.2,48.1,-0.004588,-0.004684,-0.007304,-0.007404,-0.003884
21936,2022/11/22,PFE,PFIZER INC,48.24,49.2471,49.08,16358550,0.01868,49.1,49.11,48.34,0.013241,0.013207,0.006866,0.006775,0.01358
21936,2022/11/23,PFE,PFIZER INC,48.52,49.22,48.85,10710793,-0.004686,48.86,48.88,48.96,0.005918,0.005872,0.00597,0.005921,0.005915
21936,2022/11/25,PFE,PFIZER INC,48.835,49.22,49.21,6760162,0.00737,49.19,49.2,48.93,0.000406,0.000376,0.00303,0.002925,-0.000283
21936,2022/11/28,PFE,PFIZER INC,49.06,49.74,49.57,20704896,0.007316,49.59,49.6,49.18,-0.015647,-0.015664,-0.014113,-0.014149,-0.015444
21936,2022/11/29,PFE,PFIZER INC,49.095,49.67,49.49,17160870,-0.001614,49.43,49.44,49.5,-0.000744,-0.00085,0.002548,0.002455,-0.001592
21936,2022/11/30,PFE,PFIZER INC,49.04,50.13,50.13,35572670,0.012932,50.08,50.09,49.64,0.029413,0.029199,0.02056,0.020445,0.030948
21936,2022/12/1,PFE,PFIZER INC,50.28,51.155,51.08,23592586,0.018951,51.12,51.15,50.31,0.000229,0.000035,0.002523,0.002347,-0.000868
21936,2022/12/2,PFE,PFIZER INC,50.48,51.325,50.91,16881642,-0.003328,50.89,50.9,50.56,-0.000581,-0.000636,0.005174,0.005149,-0.001195
21936,2022/12/5,PFE,PFIZER INC,50.345,51.03,50.73,17959788,-0.003536,50.73,50.74,50.91,-0.019456,-0.019469,-0.017511,-0.017534,-0.017894
21936,2022/12/6,PFE,PFIZER INC,49.18,50.85,49.71,21787073,-0.020106,49.69,49.7,50.665,-0.014051,-0.014082,-0.012792,-0.012811,-0.014399
21936,2022/12/7,PFE,PFIZER INC,49.75,51.15,50.24,15929936,0.010662,50.25,50.26,49.75,-0.001929,-0.002005,-0.004659,-0.004707,-0.001862
21936,2022/12/8,PFE,PFIZER INC,50.02,51.865,51.78,26116792,0.030653,51.8,51.81,50.18,0.007368,0.007236,0.005598,0.005521,0.007522
21936,2022/12/9,PFE,PFIZER INC,51.63,52.84,51.72,19933540,-0.001159,51.7,51.71,51.75,-0.007468,-0.007508,-0.004385,-0.004491,-0.00735
21936,2022/12/12,PFE,PFIZER INC,51.75,52.59,52.16,18532230,0.008507,52.17,52.18,52.12,0.013023,0.013018,0.006047,0.006019,0.014279
21936,2022/12/13,PFE,PFIZER INC,52.88,54.04,53.07,29461763,0.017446,53.12,53.13,53.1,0.007299,0.007091,0.005193,0.004887,0.00729
21936,2022/12/14,PFE,PFIZER INC,52.9,54.93,54.48,36260307,0.026569,54.5,54.51,53.14,-0.005473,-0.005676,-0.004224,-0.004477,-0.006053
21936,2022/12/15,PFE,PFIZER INC,53.395,54.43,53.61,21630297,-0.015969,53.62,53.63,54.07,-0.024078,-0.024211,-0.017985,-0.018183,-0.024922
21936,2022/12/16,PFE,PFIZER INC,51.4,53.14,51.4,65689492,-0.041224,51.42,51.43,53.01,-0.010349,-0.010473,-0.007406,-0.007689,-0.011138
21936,2022/12/19,PFE,PFIZER INC,50.695,51.81,51.36,16081888,-0.000778,51.34,51.35,51.52,-0.009614,-0.009841,-0.014495,-0.014896,-0.009007
21936,2022/12/20,PFE,PFIZER INC,50.84,51.51,51.32,12433844,-0.000779,51.33,51.34,51.21,0.001879,0.001795,0.001102,0.000956,0.001037
21936,2022/12/21,PFE,PFIZER INC,51.2,52.16,51.66,12925025,0.006625,51.66,51.67,51.605,0.014642,0.014547,0.010713,0.010652,0.014868
21936,2022/12/22,PFE,PFIZER INC,50.95,51.7,51.64,14824093,-0.000387,51.66,51.67,51.41,-0.014002,-0.014085,-0.009473,-0.009717,-0.014452
21936,2022/12/23,PFE,PFIZER INC,51.24,51.95,51.83,10666541,0.003679,51.83,51.84,51.555,0.005465,0.005393,0.002459,0.002195,0.005868
21936,2022/12/27,PFE,PFIZER INC,51.05,51.93,51.13,12033763,-0.013506,51.11,51.12,51.86,-0.00393,-0.003999,-0.008489,-0.008633,-0.00405
21936,2022/12/28,PFE,PFIZER INC,50.75,51.39,50.8,10053917,-0.006454,50.78,50.79,51.05,-0.012364,-0.012381,-0.010297,-0.01056,-0.012021
21936,2022/12/29,PFE,PFIZER INC,50.99,51.665,51.33,8971290,0.010433,51.33,51.34,51.02,0.018339,0.018137,0.022834,0.022336,0.017461
21936,2022/12/30,PFE,PFIZER INC,50.745,51.4,51.24,11396189,-0.001753,51.25,51.26,51.29,-0.002451,-0.002498,0.003808,0.003772,-0.002541
21936,2023/1/3,PFE,PFIZER INC,50.82,51.325,51.26,15603793,0.00039,51.25,51.26,51.01,-0.003934,-0.003996,0.005062,0.005023,-0.004001
21936,2023/1/4,PFE,PFIZER INC,49.522,50.63,50.13,21808425,-0.022044,50.11,50.12,50.29,0.009553,0.009515,0.018657,0.01864,0.007539
21936,2023/1/5,PFE,PFIZER INC,48.92,49.99,49.66,20057412,-0.009376,49.65,49.66,49.73,-0.01097,-0.011108,-0.004115,-0.004159,-0.011646
21936,2023/1/6,PFE,PFIZER INC,49.56,51.6,50.92,29635946,0.025372,50.89,50.9,49.98,0.022257,0.022239,0.017645,0.017629,0.022841
21936,2023/1/9,PFE,PFIZER INC,48.31,50.26,48.39,30839126,-0.049686,48.38,48.39,50.05,0.001059,0.00093,0.00719,0.007168,-0.000768
21936,2023/1/10,PFE,PFIZER INC,47.38,48.47,47.62,29212004,-0.015912,47.62,47.63,48.35,0.007317,0.007316,0.013026,0.013008,0.006978
21936,2023/1/11,PFE,PFIZER INC,46.86,47.74,47.45,23022229,-0.00357,47.44,47.45,47.7,0.012571,0.012557,0.011686,0.011654,0.012849
21936,2023/1/12,PFE,PFIZER INC,46.58,47.72,47.71,23345252,0.005479,47.7,47.71,47.27,0.005718,0.005618,0.014703,0.014575,0.003416
21936,2023/1/13,PFE,PFIZER INC,47.49,48.16,47.85,18737546,0.002934,47.84,47.85,47.5,0.004322,0.004291,0.007841,0.007748,0.003997
21936,2023/1/17,PFE,PFIZER INC,45.71,46.74,46.08,29391409,-0.036991,46.08,46.09,46.54,-0.001146,-0.001149,0.002261,0.00224,-0.00203
21936,2023/1/18,PFE,PFIZER INC,44.97,45.85,45,33834985,-0.023438,44.99,45,45.545,-0.014241,-0.014243,-0.012161,-0.012177,-0.015563
21936,2023/1/19,PFE,PFIZER INC,44.64,45.27,44.96,26614860,-0.000889,44.97,44.98,44.72,-0.007486,-0.007574,-0.006112,-0.006153,-0.007638
21936,2023/1/20,PFE,PFIZER INC,44.725,45.43,45.11,25197558,0.003336,45.1,45.11,45.28,0.018067,0.018046,0.014679,0.014637,0.018918
21936,2023/1/23,PFE,PFIZER INC,44.82,45.32,44.98,19398550,-0.002882,44.97,44.98,45.04,0.011763,0.011753,0.010128,0.010049,0.011881
21936,2023/1/24,PFE,PFIZER INC,44.15,44.95,44.71,18853127,-0.006003,44.7,44.71,44.915,-0.001146,-0.001169,-0.000988,-0.00101,-0.000711
21936,2023/1/25,PFE,PFIZER INC,44.585,45.1099,45.07,20827990,0.008052,45.07,45.08,45.03,0.000339,0.000303,0.001542,0.001525,-0.000182
21936,2023/1/26,PFE,PFIZER INC,43.61,44.3,44.25,38465463,-0.009097,44.26,44.27,44.2,0.010381,0.010332,0.005295,0.005275,0.011008
21936,2023/1/27,PFE,PFIZER INC,43.78,44.34,43.79,23798610,-0.010395,43.79,43.81,44.22,0.003473,0.003443,0.005432,0.00538,0.002495
21936,2023/1/30,PFE,PFIZER INC,43.395,44.135,43.55,24402234,-0.005481,43.54,43.55,43.79,-0.012975,-0.013074,-0.010138,-0.010193,-0.012969
21936,2023/1/31,PFE,PFIZER INC,42.7,44.275,44.16,49722474,0.014007,44.15,44.16,43,0.01555,0.01553,0.016344,0.016321,0.014642
21936,2023/2/1,PFE,PFIZER INC,43.41,44.18,43.97,24482321,-0.004303,43.98,43.99,43.905,0.011137,0.011071,0.012678,0.01256,0.010452
21936,2023/2/2,PFE,PFIZER INC,43.5,44.46,44.34,35279247,0.008415,44.34,44.35,43.63,0.0138,0.013759,0.01354,0.013509,0.014699
21936,2023/2/3,PFE,PFIZER INC,43.88,44.39,44.06,23741990,-0.006315,44.05,44.06,44.355,-0.010632,-0.010711,-0.007167,-0.007211,-0.010355
21936,2023/2/6,PFE,PFIZER INC,43.725,44.3,43.76,18071239,-0.006809,43.76,43.77,44.19,-0.007223,-0.0073,-0.007359,-0.007389,-0.00614
21936,2023/2/7,PFE,PFIZER INC,43.2506,43.9,43.59,22999453,-0.003885,43.6,43.61,43.82,0.011465,0.011447,0.004813,0.004775,0.012873
21936,2023/2/8,PFE,PFIZER INC,43.53,44.1,43.98,19362311,0.008947,43.97,43.98,43.55,-0.010374,-0.010397,-0.0103,-0.010329,-0.011081
21936,2023/2/9,PFE,PFIZER INC,43.24,44.325,43.34,20809245,-0.014552,43.34,43.35,44.12,-0.00885,-0.008963,-0.011912,-0.011966,-0.00883
21936,2023/2/10,PFE,PFIZER INC,43.26,43.98,43.88,18619569,0.01246,43.87,43.88,43.5,0.001496,0.001347,-0.002506,-0.002581,0.002195
21936,2023/2/13,PFE,PFIZER INC,43.51,44.01,43.99,17878022,0.002507,43.99,44,43.68,0.010859,0.010737,0.00505,0.005017,0.011449
21936,2023/2/14,PFE,PFIZER INC,43.58,44.2,43.72,17506900,-0.006138,43.74,43.75,44.09,0.000941,0.000806,0.000475,0.000324,-0.00028
21936,2023/2/15,PFE,PFIZER INC,43.11,43.61,43.32,18999277,-0.009149,43.33,43.34,43.42,0.004435,0.00426,0.007186,0.007157,0.002773
21936,2023/2/16,PFE,PFIZER INC,42.77,43.18,42.95,17832042,-0.008541,42.97,42.98,43.15,-0.012705,-0.012778,-0.007559,-0.007624,-0.013789
21936,2023/2/17,PFE,PFIZER INC,42.58,43.37,43.21,18293446,0.006054,43.22,43.23,42.89,-0.002933,-0.003077,-0.001381,-0.00148,-0.002767
21936,2023/2/21,PFE,PFIZER INC,42.62,42.93,42.7,17356574,-0.011803,42.7,42.71,42.81,-0.020457,-0.020474,-0.021846,-0.021909,-0.020041
21936,2023/2/22,PFE,PFIZER INC,42.31,42.885,42.38,17394203,-0.007494,42.39,42.4,42.72,-0.000607,-0.000639,-0.000428,-0.000487,-0.001574
21936,2023/2/23,PFE,PFIZER INC,42.22,42.75,42.3,21104327,-0.001888,42.29,42.3,42.29,0.004871,0.004808,0.003045,0.00299,0.005329
21936,2023/2/24,PFE,PFIZER INC,41.505,42.05,41.75,16806099,-0.013002,41.75,41.76,42.03,-0.01016,-0.010197,-0.012812,-0.012859,-0.010538
21936,2023/2/27,PFE,PFIZER INC,40.73,41.73,40.78,26370306,-0.023234,40.79,40.8,41.44,0.003327,0.00321,0.0036,0.003526,0.003073
21936,2023/2/28,PFE,PFIZER INC,40.09,40.7099,40.57,31086883,-0.00515,40.56,40.57,40.5,-0.002576,-0.002676,0.000582,0.0005,-0.003036
21936,2023/3/1,PFE,PFIZER INC,40.135,40.76,40.18,21104422,-0.009613,40.18,40.19,40.56,-0.003159,-0.003259,-0.001274,-0.001383,-0.004725
21936,2023/3/2,PFE,PFIZER INC,39.805,40.78,40.62,19112801,0.010951,40.63,40.64,40.06,0.006503,0.00637,0.002479,0.002408,0.007582
21936,2023/3/3,PFE,PFIZER INC,40.74,41.18,41.15,20922034,0.013048,41.14,41.15,40.91,0.015546,0.01548,0.012266,0.012225,0.016148
21936,2023/3/6,PFE,PFIZER INC,40.82,41.26,41.11,19434763,-0.000972,41.1,41.11,41.09,-0.001751,-0.001793,-0.007068,-0.0071,0.000687
21936,2023/3/7,PFE,PFIZER INC,40.1,41.13,40.34,23205788,-0.01873,40.34,40.35,41.06,-0.014599,-0.014625,-0.010122,-0.010142,-0.015327
21936,2023/3/8,PFE,PFIZER INC,39.905,40.5668,40.12,16756134,-0.005454,40.12,40.13,40.32,0.00127,0.001207,-0.00152,-0.001643,0.001415
21936,2023/3/9,PFE,PFIZER INC,39.31,40.57,39.46,18585103,-0.016451,39.44,39.45,40.41,-0.019276,-0.019425,-0.021551,-0.021656,-0.018459
21936,2023/3/10,PFE,PFIZER INC,39.23,39.93,39.39,26328104,-0.001774,39.39,39.4,39.29,-0.016483,-0.016558,-0.023032,-0.023132,-0.014478
21936,2023/3/13,PFE,PFIZER INC,39.255,40.505,39.86,35299377,0.011932,39.85,39.86,39.255,-0.003098,-0.003125,-0.009576,-0.009632,-0.00151
21936,2023/3/14,PFE,PFIZER INC,39.52,40.15,39.9,24583595,0.001004,39.88,39.89,40.05,0.015863,0.015617,0.009278,0.00899,0.016477
21936,2023/3/15,PFE,PFIZER INC,39.46,40.53,40.28,25498384,0.009524,40.29,40.3,39.76,-0.009262,-0.009299,-0.015317,-0.015375,-0.006981
21936,2023/3/16,PFE,PFIZER INC,39.72,40.49,40.37,21100883,0.002234,40.37,40.38,40.06,0.016293,0.016131,0.010546,0.010405,0.017562
21936,2023/3/17,PFE,PFIZER INC,39.985,40.79,40.1,57457785,-0.006688,40.13,40.14,40.625,-0.012043,-0.012103,-0.015876,-0.015959,-0.011019
21936,2023/3/20,PFE,PFIZER INC,39.94,40.86,40.81,20825382,0.017706,40.81,40.82,40.14,0.008716,0.008634,0.001261,0.0011,0.008918
21936,2023/3/21,PFE,PFIZER INC,40.31,40.91,40.66,19981978,-0.003676,40.67,40.68,40.86,0.013857,0.013792,0.016795,0.01667,0.012982
21936,2023/3/22,PFE,PFIZER INC,39.99,40.85,40.01,15444160,-0.015986,39.99,40,40.7,-0.01642,-0.016493,-0.014646,-0.014729,-0.016463
21936,2023/3/23,PFE,PFIZER INC,40,40.4972,40.18,16958146,0.004249,40.16,40.17,40.17,0.001793,0.001597,-0.00148,-0.001642,0.002985
21936,2023/3/24,PFE,PFIZER INC,39.8748,40.455,40.39,17221115,0.005226,40.39,40.4,40.09,0.004737,0.004671,0.002874,0.002773,0.00564
21936,2023/3/27,PFE,PFIZER INC,39.97,40.62,40.22,20262829,-0.004209,40.24,40.25,40.54,0.003207,0.00319,0.005019,0.004952,0.001647
21936,2023/3/28,PFE,PFIZER INC,39.86,40.3,39.99,13537518,-0.005719,39.98,39.99,40.2,-0.000817,-0.000834,-0.000513,-0.000546,-0.001574
21936,2023/3/29,PFE,PFIZER INC,39.99,40.27,40.25,14429511,0.006502,40.25,40.26,40.16,0.013802,0.0138,0.010908,0.010861,0.014237
21936,2023/3/30,PFE,PFIZER INC,40.25,40.49,40.38,12634521,0.00323,40.36,40.37,40.42,0.005538,0.005347,0.003078,0.002827,0.005715
21936,2023/3/31,PFE,PFIZER INC,40.28,40.83,40.8,23393576,0.010401,40.78,40.79,40.55,0.014614,0.014581,0.011948,0.011909,0.014437
21936,2023/4/3,PFE,PFIZER INC,40.65,41.4668,41.35,20817194,0.01348,41.34,41.35,40.69,0.003122,0.003032,0.001672,0.001497,0.003699
21936,2023/4/4,PFE,PFIZER INC,40.76,41.53,40.9,19514531,-0.010883,40.9,40.91,41.44,-0.006606,-0.006686,-0.010662,-0.010728,-0.005797
21936,2023/4/5,PFE,PFIZER INC,41.17,42.22,41.55,29697621,0.015892,41.54,41.55,41.285,-0.004045,-0.004163,-0.008869,-0.008906,-0.002492
21936,2023/4/6,PFE,PFIZER INC,41.3743,42.095,41.5,25931833,-0.001203,41.5,41.51,41.93,0.003105,0.002962,0.003466,0.003398,0.003579
21936,2023/4/10,PFE,PFIZER INC,41.12,41.74,41.73,15137290,0.005542,41.73,41.74,41.15,0.002154,0.002129,0.00597,0.005958,0.000996
21936,2023/4/11,PFE,PFIZER INC,41.7,41.99,41.79,15304123,0.001438,41.79,41.8,41.8,0.001796,0.001793,0.007144,0.007116,-0.000041
21936,2023/4/12,PFE,PFIZER INC,41.27,41.79,41.37,17035066,-0.01005,41.38,41.39,41.63,-0.003977,-0.004033,-0.005078,-0.005136,-0.004135
21936,2023/4/13,PFE,PFIZER INC,41.295,41.7,41.47,22880859,0.002417,41.46,41.47,41.53,0.012827,0.012703,0.012877,0.012751,0.013263
21936,2023/4/14,PFE,PFIZER INC,40.93,41.71,41.19,20627484,-0.006752,41.18,41.19,41.505,-0.00272,-0.002729,-0.004618,-0.004659,-0.002069
21936,2023/4/17,PFE,PFIZER INC,40.96,41.28,41.18,17608635,-0.000243,41.18,41.19,41.12,0.003645,0.003633,0.007969,0.007954,0.003306
21936,2023/4/18,PFE,PFIZER INC,40.53,41.33,40.55,18541480,-0.015299,40.54,40.55,41.28,0.000652,0.000649,-0.001864,-0.00196,0.000855
21936,2023/4/19,PFE,PFIZER INC,40.2,40.56,40.24,17214344,-0.007645,40.24,40.25,40.43,-0.000454,-0.000456,-0.001456,-0.001476,-0.000084
21936,2023/4/20,PFE,PFIZER INC,39.79,40.19,39.85,20131599,-0.009692,39.88,39.89,40.08,-0.005743,-0.005818,-0.006877,-0.006945,-0.005953
21936,2023/4/21,PFE,PFIZER INC,39.905,40.3,40.21,19227109,0.009034,40.2,40.21,40.09,0.000615,0.000596,-0.001234,-0.001296,0.000903
21936,2023/4/24,PFE,PFIZER INC,39.71,40.2,39.91,17633652,-0.007461,39.9,39.91,40.19,0.00038,0.000241,-0.002906,-0.002975,0.000852
21936,2023/4/25,PFE,PFIZER INC,39.285,39.92,39.33,24492373,-0.014533,39.31,39.32,39.75,-0.016696,-0.01673,-0.018124,-0.01816,-0.015811
21936,2023/4/26,PFE,PFIZER INC,38.4,39.19,38.63,22401426,-0.017798,38.62,38.63,39.16,-0.004091,-0.004095,-0.005488,-0.00552,-0.003841
21936,2023/4/27,PFE,PFIZER INC,38.31,38.83,38.74,22434048,0.002848,38.74,38.75,38.62,0.017335,0.017269,0.010266,0.010191,0.019566
21936,2023/4/28,PFE,PFIZER INC,38.615,38.91,38.89,21015333,0.003872,38.9,38.91,38.7,0.008072,0.007962,0.010419,0.010351,0.008253
21936,2023/5/1,PFE,PFIZER INC,38.86,39.52,39.21,23917757,0.008228,39.17,39.18,39,-0.000652,-0.000727,0.001283,0.001151,-0.000386
21936,2023/5/2,PFE,PFIZER INC,38.63,40.115,39.06,38834136,-0.003825,39.05,39.06,39.29,-0.01226,-0.012267,-0.013213,-0.013234,-0.011586
21936,2023/5/3,PFE,PFIZER INC,38.36,39.39,38.45,27721928,-0.015617,38.44,38.45,39.2,-0.005189,-0.0052,0.000531,0.000506,-0.006998
21936,2023/5/4,PFE,PFIZER INC,38.02,38.43,38.23,23675132,-0.005722,38.24,38.25,38.17,-0.006837,-0.006949,-0.006119,-0.006171,-0.007219
21936,2023/5/5,PFE,PFIZER INC,38.09,38.5,38.49,19225050,0.006801,38.49,38.5,38.38,0.018739,0.01865,0.018082,0.017997,0.018475
21936,2023/5/8,PFE,PFIZER INC,38.35,38.73,38.67,20101723,0.004676,38.66,38.67,38.53,0.000849,0.000817,0.002221,0.002188,0.000452
21936,2023/5/9,PFE,PFIZER INC,38.39,38.67,38.48,15987904,-0.004913,38.47,38.48,38.48,-0.003907,-0.003963,-0.001622,-0.001667,-0.004579
21936,2023/5/10,PFE,PFIZER INC,38.08,38.72,38.3,15858223,-0.004678,38.29,38.3,38.67,0.004086,0.004056,0.003745,0.00366,0.004484
21936,2023/5/11,PFE,PFIZER INC,37.205,37.65,37.58,28566365,-0.008094,37.57,37.58,37.6,-0.002566,-0.002726,-0.006936,-0.00703,-0.001697
21936,2023/5/12,PFE,PFIZER INC,37.23,37.72,37.35,16541294,-0.00612,37.35,37.36,37.61,-0.001936,-0.002148,-0.005071,-0.005271,-0.001583
21936,2023/5/15,PFE,PFIZER INC,37.005,37.36,37.16,16650412,-0.005087,37.17,37.18,37.3,0.005045,0.004942,0.009355,0.009302,0.002958
21936,2023/5/16,PFE,PFIZER INC,36.83,37.24,37.01,25451711,-0.004037,37,37.01,37.02,-0.008106,-0.008152,-0.011928,-0.011967,-0.006378
21936,2023/5/17,PFE,PFIZER INC,36.51,37.05,36.75,23206392,-0.007025,36.76,36.77,36.98,0.012329,0.012184,0.013996,0.013952,0.011891
21936,2023/5/18,PFE,PFIZER INC,36.17,36.78,36.48,27772415,-0.007347,36.49,36.5,36.71,0.008474,0.008303,0.00339,0.00328,0.009445
21936,2023/5/19,PFE,PFIZER INC,36.52,37.654,36.77,33068322,0.00795,36.76,36.77,36.65,-0.00186,-0.001909,-0.000949,-0.001045,-0.001446
21936,2023/5/22,PFE,PFIZER INC,36.75,38.865,38.75,85718553,0.053848,38.74,38.75,36.86,0.001904,0.001813,0.008546,0.00843,0.000155
21936,2023/5/23,PFE,PFIZER INC,38,40.14,39.64,75379535,0.022968,39.64,39.65,38.55,-0.010454,-0.010483,-0.003083,-0.003144,-0.011222
21936,2023/5/24,PFE,PFIZER INC,38.6,40.14,38.63,39326373,-0.025479,38.62,38.63,40.1,-0.008,-0.008019,-0.009387,-0.009422,-0.007319
21936,2023/5/25,PFE,PFIZER INC,37.65,38.51,37.83,30266597,-0.020709,37.83,37.84,38.51,0.00495,0.004919,-0.008997,-0.009052,0.008758
21936,2023/5/26,PFE,PFIZER INC,37.5635,38.44,37.6,20234632,-0.00608,37.6,37.61,38.04,0.012609,0.012553,0.007922,0.007863,0.013049
21936,2023/5/30,PFE,PFIZER INC,36.92,37.36,37.01,24371098,-0.015691,37.01,37.02,37.36,-0.000231,-0.000313,-0.001041,-0.001123,0.000017
21936,2023/5/31,PFE,PFIZER INC,36.87,38.22,38.02,46166333,0.02729,38.06,38.07,37.1,-0.005725,-0.005892,-0.005191,-0.005297,-0.006109
21936,2023/6/1,PFE,PFIZER INC,37.7,38.21,38.02,20256137,0,38.03,38.04,38.12,0.010187,0.009971,0.009433,0.009154,0.009854
21936,2023/6/2,PFE,PFIZER INC,38.16,38.66,38.36,22736353,0.008943,38.35,38.36,38.25,0.016243,0.016189,0.020618,0.020579,0.014534
21936,2023/6/5,PFE,PFIZER INC,38.34,39.015,38.65,19785267,0.00756,38.64,38.65,38.48,-0.002797,-0.002813,-0.00512,-0.00514,-0.002004
21936,2023/6/6,PFE,PFIZER INC,38.2932,38.86,38.37,19508225,-0.007245,38.36,38.37,38.81,0.005198,0.005174,0.014317,0.014291,0.002354
21936,2023/6/7,PFE,PFIZER INC,38.13,39.06,38.89,25295133,0.013552,38.89,38.9,38.35,-0.002027,-0.002196,0.006266,0.006026,-0.003812
21936,2023/6/8,PFE,PFIZER INC,38.73,39.19,39.09,17353721,0.005143,39.09,39.1,39.04,0.00521,0.005108,0.000931,0.00087,0.006189
21936,2023/6/9,PFE,PFIZER INC,38.8727,39.59,38.97,19777462,-0.00307,38.97,38.98,39.28,0.000099,0.000069,-0.004197,-0.004302,0.001148
21936,2023/6/12,PFE,PFIZER INC,38.99,40.065,39.9,28340776,0.023865,39.89,39.9,39.01,0.00852,0.008518,0.005629,0.005615,0.009321
21936,2023/6/13,PFE,PFIZER INC,39.45,40.365,40.28,26533763,0.009524,40.29,40.3,39.67,0.007513,0.007474,0.008966,0.008896,0.006933
21936,2023/6/14,PFE,PFIZER INC,39.315,40.34,39.36,22056424,-0.02284,39.36,39.37,40.32,0.000057,-0.000173,-0.005231,-0.005521,0.000819
21936,2023/6/15,PFE,PFIZER INC,39.28,39.83,39.75,19905906,0.009909,39.77,39.78,39.41,0.011708,0.011531,0.008909,0.008788,0.012178
21936,2023/6/16,PFE,PFIZER INC,39.845,40.36,40.06,60338565,0.007799,40.08,40.09,39.86,-0.003787,-0.003843,-0.00198,-0.002146,-0.003672
21936,2023/6/20,PFE,PFIZER INC,39.33,39.87,39.34,26881166,-0.017973,39.34,39.35,39.71,-0.005432,-0.005567,-0.006839,-0.007079,-0.004735
21936,2023/6/21,PFE,PFIZER INC,38.76,39.24,38.9,17982944,-0.011185,38.9,38.91,39.2,-0.004712,-0.004805,-0.003638,-0.003834,-0.005245
21936,2023/6/22,PFE,PFIZER INC,38.41,38.986,38.73,18047000,-0.00437,38.73,38.74,38.94,0.001811,0.001747,-0.004701,-0.004803,0.003711
21936,2023/6/23,PFE,PFIZER INC,38.28,38.87,38.3,23492234,-0.011103,38.3,38.31,38.71,-0.008474,-0.00854,-0.009603,-0.009693,-0.007659
21936,2023/6/26,PFE,PFIZER INC,36.16,37.05,36.89,56135475,-0.036815,36.89,36.9,37.015,-0.002689,-0.002716,-0.001383,-0.001489,-0.004487
21936,2023/6/27,PFE,PFIZER INC,36.28,37,36.42,32414946,-0.012741,36.41,36.42,36.96,0.011635,0.011611,0.007286,0.007094,0.011456
21936,2023/6/28,PFE,PFIZER INC,36.0334,36.54,36.29,30061996,-0.003569,36.3,36.31,36.5,0.000529,0.000527,0.001215,0.001161,-0.000354
21936,2023/6/29,PFE,PFIZER INC,35.76,36.22,36.12,26284883,-0.004685,36.12,36.13,35.99,0.004747,0.004532,0.006309,0.00599,0.004474
21936,2023/6/30,PFE,PFIZER INC,36.14,36.75,36.68,30867939,0.015504,36.67,36.68,36.21,0.011089,0.011054,0.005604,0.005532,0.012269
21936,2023/7/3,PFE,PFIZER INC,36.35,36.745,36.65,14115809,-0.000818,36.63,36.64,36.5,0.002106,0.001978,0.006882,0.006679,0.001171
21936,2023/7/5,PFE,PFIZER INC,36.39,37.02,36.46,26829419,-0.005184,36.45,36.46,36.58,-0.003315,-0.003402,-0.006333,-0.006369,-0.001968
21936,2023/7/6,PFE,PFIZER INC,35.62,36.27,35.63,30214368,-0.022765,35.63,35.64,36.2,-0.009671,-0.009732,-0.013608,-0.013635,-0.007923
21936,2023/7/7,PFE,PFIZER INC,35.35,35.77,35.53,22903336,-0.002807,35.52,35.53,35.52,0.000005,-0.000128,0.010289,0.010239,-0.002865
21936,2023/7/10,PFE,PFIZER INC,35.5401,36.01,35.68,17777495,0.004222,35.67,35.68,35.57,0.004152,0.004145,0.00909,0.00907,0.002405
21936,2023/7/11,PFE,PFIZER INC,35.615,36.04,36.02,17731329,0.009529,36.01,36.02,35.64,0.007743,0.007722,0.009107,0.00909,0.006742
21936,2023/7/12,PFE,PFIZER INC,35.92,36.25,35.99,17229687,-0.000833,35.98,35.99,36.2,0.007995,0.007973,0.008816,0.008766,0.007411
21936,2023/7/13,PFE,PFIZER INC,35.92,36.36,36.06,16664403,0.001945,36.05,36.06,36.01,0.009335,0.009252,0.008519,0.008394,0.00847
21936,2023/7/14,PFE,PFIZER INC,36.005,36.49,36.32,17915147,0.00721,36.32,36.33,36.3,-0.002946,-0.002976,-0.010092,-0.010137,-0.001024
21936,2023/7/17,PFE,PFIZER INC,35.78,36.12,35.86,20557295,-0.012665,35.86,35.87,36.12,0.004498,0.004497,0.005086,0.005074,0.003855
21936,2023/7/18,PFE,PFIZER INC,35.8792,36.48,36.24,22817333,0.010597,36.25,36.26,35.92,0.007299,0.007299,0.006392,0.006379,0.007117
21936,2023/7/19,PFE,PFIZER INC,36.205,36.7,36.44,18589659,0.005519,36.43,36.44,36.34,0.002571,0.002558,0.003657,0.003636,0.002358
21936,2023/7/20,PFE,PFIZER INC,36.36,37.07,36.77,22358414,0.009056,36.77,36.78,36.4,-0.007185,-0.007254,-0.006756,-0.006799,-0.006757
21936,2023/7/21,PFE,PFIZER INC,36.795,37.43,37.4,24149716,0.017134,37.39,37.4,36.8,0.000069,0.000061,-0.000977,-0.001063,0.000324
21936,2023/7/24,PFE,PFIZER INC,37.37,37.8,37.51,19414708,0.002941,37.5,37.51,37.41,0.003274,0.003255,0.000118,0.000074,0.004034
21936,2023/7/25,PFE,PFIZER INC,37.045,37.72,37.06,21770959,-0.011997,37.06,37.07,37.4,0.002308,0.002267,-0.00202,-0.002035,0.002815
21936,2023/7/26,PFE,PFIZER INC,36.76,37.345,37.21,20983650,0.004047,37.21,37.22,36.87,0.0008,0.000789,0.005517,0.005498,-0.000155
21936,2023/7/27,PFE,PFIZER INC,36.18,37.01,36.2,25346304,-0.016125,36.2,36.21,36.85,-0.007486,-0.007549,-0.011519,-0.011562,-0.006425
21936,2023/7/28,PFE,PFIZER INC,36.02,36.45,36.07,24054065,-0.003591,36.06,36.07,36.35,0.010607,0.010489,0.013323,0.013248,0.009878
21936,2023/7/31,PFE,PFIZER INC,35.92,36.19,36.06,40265244,-0.000277,36.05,36.06,36.18,0.003173,0.003149,0.008267,0.008243,0.001469
21936,2023/8/1,PFE,PFIZER INC,35.37,36.92,35.61,40951967,-0.012479,35.62,35.63,35.88,-0.003671,-0.003759,-0.004377,-0.004519,-0.002665
21936,2023/8/2,PFE,PFIZER INC,35.275,35.885,35.35,34301638,-0.007301,35.34,35.35,35.63,-0.014385,-0.014394,-0.013074,-0.013092,-0.01384
21936,2023/8/3,PFE,PFIZER INC,34.92,35.28,35,25687701,-0.009901,34.99,35,35.18,-0.00237,-0.002422,-0.001952,-0.001999,-0.002548
21936,2023/8/4,PFE,PFIZER INC,34.655,35.34,35.02,25746459,0.000571,35.03,35.04,34.95,-0.004195,-0.004272,-0.00207,-0.002151,-0.0053
21936,2023/8/7,PFE,PFIZER INC,34.9,35.855,35.68,31069113,0.018846,35.67,35.68,35.01,0.007546,0.00752,-0.001121,-0.001148,0.009024
21936,2023/8/8,PFE,PFIZER INC,35.39,36.37,35.64,25225525,-0.001121,35.62,35.63,36.37,-0.004756,-0.004779,-0.004176,-0.004208,-0.004218
21936,2023/8/9,PFE,PFIZER INC,35.51,36.06,35.84,17210484,0.005612,35.85,35.86,35.6,-0.006457,-0.006522,-0.00596,-0.005991,-0.007039
21936,2023/8/10,PFE,PFIZER INC,35.595,36.09,35.72,18955150,-0.003348,35.73,35.74,35.82,0.000093,-0.000024,-0.002073,-0.002202,0.000251
21936,2023/8/11,PFE,PFIZER INC,35.59,36.28,36.04,16609378,0.008959,36.05,36.06,35.62,-0.000907,-0.001037,-0.001429,-0.001489,-0.00107
21936,2023/8/14,PFE,PFIZER INC,35.82,36.51,36.07,20295465,0.000832,36.08,36.09,35.82,0.004055,0.003959,-0.002848,-0.003011,0.00575
21936,2023/8/15,PFE,PFIZER INC,35.36,35.91,35.39,20484289,-0.018852,35.38,35.39,35.88,-0.011781,-0.011888,-0.012966,-0.013012,-0.011551
21936,2023/8/16,PFE,PFIZER INC,34.995,35.65,35.48,22215607,0.002543,35.49,35.5,35.14,-0.00789,-0.008015,-0.010043,-0.010101,-0.007555
21936,2023/8/17,PFE,PFIZER INC,35.59,36.72,36.51,31113553,0.02903,36.49,36.5,35.6,-0.008395,-0.008551,-0.007525,-0.007601,-0.007713
21936,2023/8/18,PFE,PFIZER INC,36.32,36.85,36.66,24145117,0.004109,36.69,36.7,36.45,0.000602,0.000542,0.000827,0.000781,-0.000149
21936,2023/8/21,PFE,PFIZER INC,36.64,37.186,37.01,28496536,0.009547,37.02,37.03,36.71,0.00554,0.005516,-0.000169,-0.000252,0.006879
21936,2023/8/22,PFE,PFIZER INC,35.7235,37.15,36.84,18536903,-0.004593,36.84,36.85,37.01,-0.001892,-0.001918,-0.003236,-0.003296,-0.002777
21936,2023/8/23,PFE,PFIZER INC,36.56,37.13,36.66,19370897,-0.004886,36.67,36.68,37.09,0.011033,0.011014,0.008529,0.008444,0.011045
21936,2023/8/24,PFE,PFIZER INC,36.06,36.64,36.16,19380831,-0.013639,36.14,36.16,36.475,-0.012548,-0.012574,-0.011327,-0.011371,-0.013458
21936,2023/8/25,PFE,PFIZER INC,35.96,36.69,36.38,16421292,0.006084,36.38,36.39,36.14,0.007025,0.006933,0.001559,0.001531,0.006718
21936,2023/8/28,PFE,PFIZER INC,36.03,36.52,36.21,15101949,-0.004673,36.2,36.21,36.44,0.007093,0.00708,0.005391,0.005362,0.006265
21936,2023/8/29,PFE,PFIZER INC,36,36.94,36.15,21076488,-0.001657,36.15,36.16,36.26,0.013164,0.013134,0.012613,0.012575,0.014508
21936,2023/8/30,PFE,PFIZER INC,35.82,36.25,35.9,16833018,-0.006916,35.91,35.92,36.18,0.003824,0.003685,0.003346,0.003271,0.003833
21936,2023/8/31,PFE,PFIZER INC,35.38,35.99,35.38,27919464,-0.014485,35.39,35.4,35.94,-0.001065,-0.001271,-0.001883,-0.002015,-0.001597
21936,2023/9/1,PFE,PFIZER INC,35.6,36.06,35.78,17522542,0.011306,35.78,35.79,35.64,0.002776,0.002667,0.00593,0.005776,0.001799
21936,2023/9/5,PFE,PFIZER INC,35.35,36.29,35.38,25856123,-0.011179,35.38,35.39,35.96,-0.006126,-0.006158,-0.009656,-0.009681,-0.004194
21936,2023/9/6,PFE,PFIZER INC,34.26,35.28,34.37,35370154,-0.028547,34.37,34.38,35.26,-0.006391,-0.006415,-0.006598,-0.006639,-0.006972
21936,2023/9/7,PFE,PFIZER INC,34.04,34.64,34.28,26777739,-0.002619,34.27,34.28,34.47,-0.003838,-0.003955,-0.007888,-0.007955,-0.003211
21936,2023/9/8,PFE,PFIZER INC,34.05,34.39,34.25,19483285,-0.000875,34.25,34.26,34.23,0.001012,0.000956,-0.002062,-0.002164,0.001427
21936,2023/9/11,PFE,PFIZER INC,33.54,34.3,33.94,27574391,-0.009051,33.94,33.95,34.24,0.006483,0.006474,0.002544,0.002514,0.006724
21936,2023/9/12,PFE,PFIZER INC,33.75,34.21,34.15,17987155,0.006187,34.15,34.16,33.97,-0.004766,-0.004801,-0.001701,-0.001739,-0.005696
21936,2023/9/13,PFE,PFIZER INC,34,34.62,34.08,23853307,-0.00205,34.07,34.08,34.21,0.000004,-0.00001,-0.005292,-0.005328,0.001242
21936,2023/9/14,PFE,PFIZER INC,33.98,34.38,34.15,23759867,0.002054,34.16,34.17,34.24,0.008997,0.008701,0.009325,0.008966,0.00843
21936,2023/9/15,PFE,PFIZER INC,33.81,34.415,34.07,58063842,-0.002343,34.03,34.04,34.06,-0.010526,-0.010594,-0.00516,-0.005246,-0.01216
21936,2023/9/18,PFE,PFIZER INC,33.44,34.12,33.64,25421949,-0.012621,33.64,33.65,34.12,-0.000426,-0.000532,-0.006305,-0.006473,0.000721
21936,2023/9/19,PFE,PFIZER INC,33.515,34.01,33.99,30323329,0.010404,33.98,33.99,33.55,-0.002634,-0.002652,-0.003257,-0.003373,-0.002151
21936,2023/9/20,PFE,PFIZER INC,33.55,34.09,33.62,24651414,-0.010886,33.61,33.62,34.08,-0.008244,-0.008314,-0.006373,-0.006499,-0.009395
21936,2023/9/21,PFE,PFIZER INC,32.83,33.59,32.85,26988901,-0.022903,32.84,32.85,33.47,-0.016904,-0.016987,-0.013885,-0.014031,-0.016401
21936,2023/9/22,PFE,PFIZER INC,32.5,33.09,32.69,28570752,-0.004871,32.68,32.69,33.08,-0.001881,-0.001905,-0.002873,-0.002963,-0.002296
21936,2023/9/25,PFE,PFIZER INC,32.4101,32.98,32.98,19443664,0.008871,32.97,32.98,32.69,0.003394,0.003374,-0.001515,-0.001566,0.004023
21936,2023/9/26,PFE,PFIZER INC,32.36,32.96,32.4,26015472,-0.017586,32.38,32.39,32.72,-0.014143,-0.01428,-0.008325,-0.008422,-0.014735
21936,2023/9/27,PFE,PFIZER INC,31.9,32.5,32.1,26430113,-0.009259,32.11,32.12,32.43,0.00106,0.001031,0.001696,0.001622,0.000229
21936,2023/9/28,PFE,PFIZER INC,31.7744,32.32,32.09,28197588,-0.000311,32.08,32.09,32.06,0.006628,0.006405,0.004663,0.0044,0.005893
21936,2023/9/29,PFE,PFIZER INC,32.3,33.23,33.17,42421449,0.033655,33.17,33.18,32.35,-0.002634,-0.002665,0.000677,0.000615,-0.002709
21936,2023/10/2,PFE,PFIZER INC,32.76,33.955,33.94,44620596,0.023214,33.94,33.95,32.95,-0.003498,-0.0036,-0.011886,-0.01209,0.000079
21936,2023/10/3,PFE,PFIZER INC,33.71,34.11,33.9,31059924,-0.001178,33.9,33.91,33.84,-0.014349,-0.014404,-0.015225,-0.015253,-0.013744
21936,2023/10/4,PFE,PFIZER INC,33.005,34.0799,33.31,23722342,-0.017404,33.29,33.3,33.94,0.007074,0.007069,0.001074,0.00106,0.00811
21936,2023/10/5,PFE,PFIZER INC,33.045,33.78,33.47,21279407,0.004803,33.46,33.47,33.45,-0.000735,-0.000892,-0.00091,-0.00095,-0.001304
21936,2023/10/6,PFE,PFIZER INC,33.0721,33.56,33.13,23760440,-0.010158,33.12,33.13,33.515,0.011482,0.011367,0.007495,0.007421,0.011815
21936,2023/10/9,PFE,PFIZER INC,32.77,33.47,33.2,17468112,0.002113,33.19,33.2,33.06,0.006119,0.006119,0.000943,0.000943,0.006304
21936,2023/10/10,PFE,PFIZER INC,33.01,33.4,33.17,19212104,-0.000904,33.17,33.18,33.08,0.00647,0.006455,0.009906,0.009885,0.005208
21936,2023/10/11,PFE,PFIZER INC,32.82,33.33,33.11,24221176,-0.001809,33.09,33.1,33.24,0.003842,0.003794,0.002814,0.002738,0.004293
21936,2023/10/12,PFE,PFIZER INC,32.77,33.22,32.92,21809858,-0.005739,32.91,32.92,33.11,-0.008455,-0.008537,-0.013191,-0.013273,-0.006246
21936,2023/10/13,PFE,PFIZER INC,32.015,32.99,32.11,32675093,-0.024605,32.12,32.13,32.94,-0.005077,-0.005088,-0.004184,-0.004263,-0.005019
21936,2023/10/16,PFE,PFIZER INC,32.56,33.92,33.27,63317432,0.036126,33.26,33.27,32.83,0.010957,0.010934,0.008919,0.008897,0.010594
21936,2023/10/17,PFE,PFIZER INC,32.2,33.19,32.75,40015849,-0.01563,32.75,32.76,33,0.001091,0.001089,0.005945,0.005921,-0.000098
21936,2023/10/18,PFE,PFIZER INC,31.385,32.68,31.41,30307588,-0.040916,31.41,31.42,32.54,-0.014619,-0.01462,-0.015364,-0.015368,-0.0134
21936,2023/10/19,PFE,PFIZER INC,30.91,31.495,31.19,26880287,-0.007004,31.17,31.18,31.38,-0.00918,-0.009245,-0.012693,-0.012747,-0.008483
21936,2023/10/20,PFE,PFIZER INC,30.475,31.11,30.65,39407902,-0.017313,30.63,30.64,31.06,-0.012192,-0.01222,-0.01018,-0.010299,-0.012585
21936,2023/10/23,PFE,PFIZER INC,30.53,31.39,30.84,29412071,0.006199,30.84,30.85,30.77,-0.002426,-0.002437,-0.008234,-0.008324,-0.001686
21936,2023/10/24,PFE,PFIZER INC,30.32,31.03,30.43,26923788,-0.013294,30.42,30.43,30.88,0.006949,0.006929,0.006891,0.006865,0.007266
21936,2023/10/25,PFE,PFIZER INC,30.22,31,30.73,28857900,0.009859,30.72,30.73,30.46,-0.014673,-0.014706,-0.01273,-0.01277,-0.01434
21936,2023/10/26,PFE,PFIZER INC,30.5,31.37,31.16,27162701,0.013993,31.16,31.17,30.61,-0.009124,-0.009138,-0.002212,-0.002241,-0.011833
21936,2023/10/27,PFE,PFIZER INC,30.02,31.13,30.11,33877106,-0.033697,30.1,30.11,31.06,-0.005494,-0.005545,-0.009087,-0.009142,-0.0048
21936,2023/10/30,PFE,PFIZER INC,30.11,30.68,30.55,33063533,0.014613,30.54,30.55,30.24,0.010716,0.010608,0.006928,0.006872,0.01201
21936,2023/10/31,PFE,PFIZER INC,29.7,30.82,30.56,42648188,0.000327,30.55,30.56,30.285,0.006298,0.006243,0.005594,0.005553,0.006475
21936,2023/11/1,PFE,PFIZER INC,30.47,31.075,30.51,23568309,-0.001636,30.51,30.52,30.56,0.009644,0.009555,0.002807,0.002632,0.010506
21936,2023/11/2,PFE,PFIZER INC,30.21,30.65,30.5,29640886,-0.000328,30.49,30.5,30.51,0.020161,0.020093,0.022173,0.022122,0.018859
21936,2023/11/3,PFE,PFIZER INC,30.835,31.39,31.26,28071015,0.024918,31.26,31.27,30.9,0.011696,0.011641,0.020834,0.020776,0.009394
21936,2023/11/6,PFE,PFIZER INC,30.955,31.41,31.18,27381163,-0.002559,31.18,31.19,31.32,-0.000779,-0.000808,-0.006333,-0.006362,0.001753
21936,2023/11/7,PFE,PFIZER INC,30.89,31.385,31.25,18086421,0.002245,31.24,31.25,31.08,0.002356,0.002322,-0.000743,-0.000778,0.00284
21936,2023/11/8,PFE,PFIZER INC,30.55,31.3,30.82,29398346,-0.01376,30.81,30.82,30.92,-0.00041,-0.000455,-0.006357,-0.006451,0.001005
21936,2023/11/9,PFE,PFIZER INC,29.63,30.505,29.68,28737696,-0.023686,29.67,29.68,30.49,-0.008443,-0.008586,-0.01481,-0.01488,-0.008084
21936,2023/11/10,PFE,PFIZER INC,29.025,29.815,29.48,33860227,-0.006739,29.44,29.45,29.75,0.013967,0.013823,0.004125,0.004011,0.015616
21936,2023/11/13,PFE,PFIZER INC,28.93,29.36,28.98,35519914,-0.016961,28.96,28.97,29.34,-0.00033,-0.000386,0.000302,0.000257,-0.000836
21936,2023/11/14,PFE,PFIZER INC,28.99,29.71,29.26,40084331,0.009662,29.24,29.25,29.09,0.022835,0.022639,0.031136,0.030881,0.019075
21936,2023/11/15,PFE,PFIZER INC,29.21,30.35,30.19,43614636,0.031784,30.18,30.19,29.21,0.001954,0.001816,0.005529,0.005472,0.001597
21936,2023/11/16,PFE,PFIZER INC,29.47,30.45,29.77,32407186,-0.013912,29.78,29.79,30.27,-0.001165,-0.001369,-0.007663,-0.007779,0.00119
21936,2023/11/17,PFE,PFIZER INC,29.74,30.0089,29.92,27082355,0.005039,29.92,29.93,29.92,0.00333,0.00327,0.009963,0.009905,0.001282
21936,2023/11/20,PFE,PFIZER INC,29.76,30.14,29.98,26346186,0.002005,29.98,29.99,29.9,0.007017,0.006936,0.007068,0.007,0.00739
21936,2023/11/21,PFE,PFIZER INC,29.76,30.36,30.3,25988736,0.010674,30.31,30.32,30.02,-0.002976,-0.003014,-0.007833,-0.007972,-0.002021
21936,2023/11/22,PFE,PFIZER INC,30.14,30.5769,30.32,19230183,0.00066,30.31,30.32,30.39,0.004067,0.004024,0.004612,0.004524,0.004061
21936,2023/11/24,PFE,PFIZER INC,30.38,30.7,30.5,11129739,0.005937,30.51,30.52,30.38,0.001708,0.001682,0.008853,0.008814,0.000597
21936,2023/11/27,PFE,PFIZER INC,30.03,30.75,30.14,26066748,-0.011803,30.13,30.14,30.75,-0.001845,-0.001864,-0.003208,-0.003251,-0.001954
21936,2023/11/28,PFE,PFIZER INC,29.635,30.11,29.69,29497713,-0.01493,29.69,29.7,30.11,0.000919,0.000906,0.001167,0.001132,0.00098
21936,2023/11/29,PFE,PFIZER INC,29.725,30.22,30.08,26185160,0.013136,30.08,30.09,29.77,0.001088,0.000945,0.006047,0.005971,-0.000946
21936,2023/11/30,PFE,PFIZER INC,29.96,30.51,30.47,45356593,0.012965,30.43,30.44,30.31,0.003964,0.003686,0.001808,0.001638,0.003784
21936,2023/12/1,PFE,PFIZER INC,28.3,29.4,28.91,103624040,-0.051198,28.9,28.91,28.97,0.009185,0.00905,0.019252,0.019071,0.005874
21936,2023/12/4,PFE,PFIZER INC,29.02,29.64,29.28,47410449,0.012798,29.25,29.26,29.02,-0.00391,-0.003919,0.004928,0.004899,-0.005408
21936,2023/12/5,PFE,PFIZER INC,29.07,29.6,29.09,39853005,-0.006489,29.08,29.09,29.21,-0.002314,-0.002352,-0.008439,-0.008471,-0.000569
21936,2023/12/6,PFE,PFIZER INC,28.715,29.4,28.79,33410517,-0.010313,28.8,28.81,29.09,-0.003536,-0.003615,0.000125,0.000057,-0.003906
21936,2023/12/7,PFE,PFIZER INC,28.5,28.895,28.63,35782909,-0.005558,28.62,28.63,28.82,0.007286,0.007136,0.003563,0.00344,0.007968
21936,2023/12/8,PFE,PFIZER INC,28.59,28.965,28.78,31890740,0.005239,28.77,28.78,28.65,0.004188,0.004157,0.003196,0.003103,0.004095
21936,2023/12/11,PFE,PFIZER INC,28.435,28.81,28.64,37833862,-0.004865,28.63,28.64,28.78,0.003614,0.003608,-0.004576,-0.004604,0.003925
21936,2023/12/12,PFE,PFIZER INC,28.35,28.86,28.58,48587531,-0.002095,28.58,28.59,28.62,0.003096,0.003053,-0.00421,-0.004254,0.004599
21936,2023/12/13,PFE,PFIZER INC,25.76,26.73,26.66,158100678,-0.06718,26.66,26.67,26.28,0.016198,0.01618,0.022396,0.022298,0.013651
21936,2023/12/14,PFE,PFIZER INC,26.01,27.315,26.13,101889806,-0.01988,26.13,26.14,26.76,0.006922,0.006628,0.01816,0.017728,0.002647
21936,2023/12/15,PFE,PFIZER INC,26.08,26.9894,26.63,138388401,0.019135,26.58,26.59,26.13,-0.001601,-0.001696,-0.005318,-0.005558,-0.000076
21936,2023/12/18,PFE,PFIZER INC,26.72,27.3,27.06,63329379,0.016147,27.04,27.05,26.92,0.003845,0.003646,-0.000888,-0.00137,0.004528
21936,2023/12/19,PFE,PFIZER INC,27.27,28.24,28.16,70094663,0.04065,28.14,28.15,27.28,0.007719,0.007639,0.012567,0.012418,0.005866
21936,2023/12/20,PFE,PFIZER INC,27.61,28.26,27.63,56184326,-0.018821,27.62,27.63,28.19,-0.01479,-0.015083,-0.011488,-0.012052,-0.014684
21936,2023/12/21,PFE,PFIZER INC,27.78,28.36,28.31,51056623,0.024611,28.3,28.31,27.86,0.011208,0.011126,0.013642,0.013459,0.010301
21936,2023/12/22,PFE,PFIZER INC,28.18,28.79,28.4,35162307,0.003179,28.4,28.41,28.44,0.00244,0.002372,0.007676,0.007387,0.00166
21936,2023/12/26,PFE,PFIZER INC,28.25,28.53,28.41,30119121,0.000352,28.41,28.42,28.425,0.005218,0.005199,0.009674,0.009299,0.004232
21936,2023/12/27,PFE,PFIZER INC,28.31,28.7299,28.61,35000664,0.00704,28.63,28.64,28.47,0.001995,0.001807,0.005276,0.004907,0.00143
21936,2023/12/28,PFE,PFIZER INC,28.5819,29.03,28.79,30472890,0.006292,28.8,28.81,28.61,-0.000108,-0.000295,0.002042,0.001428,0.00037
21936,2023/12/29,PFE,PFIZER INC,28.54,28.8689,28.79,30363079,0,28.78,28.79,28.78,-0.004045,-0.004084,-0.00748,-0.007546,-0.002826
