PERMNO,date,TICKER,COMNAM,BIDLO,ASKHI,PRC,VOL,RET,BID,ASK,OPENPRC,vwretd,vwretx,ewretd,ewretx,sprtrn
47896,2019-01-02,JPM,JPMORGAN CHASE & CO,95.94000,99.78000,99.31000,15670850,0.017312,99.32000,99.33000,95.95000,0.001796,0.001791,0.017126,0.017105,0.001269
47896,2019-01-03,JPM,JPMORGAN CHASE & CO,96.69000,98.89000,97.11000,16286426,-0.014097,97.06000,97.08000,98.64000,-0.021043,-0.021229,-0.009454,-0.009493,-0.024757
47896,2019-01-04,JPM,JPMORGAN CHASE & CO,98.28000,100.93000,100.69000,16935205,0.036865,100.66000,100.67000,99.11000,0.033410,0.033409,0.030804,0.030780,0.034336
47896,2019-01-07,JPM,JPMORGAN CHASE & CO,99.71030,101.47000,100.76000,15430712,0.000695,100.76000,100.77000,100.43000,0.009202,0.009196,0.016144,0.016133,0.007010
47896,2019-01-08,JPM,JPMORGAN CHASE & CO,99.54500,101.82000,100.57000,13578777,-0.001886,100.57000,100.58000,101.63000,0.010269,0.010248,0.010358,0.010339,0.009695
47896,2019-01-09,JPM,JPMORGAN CHASE & CO,99.93000,101.49000,100.40000,14230331,-0.001690,100.40000,100.42000,100.81000,0.006199,0.005958,0.010306,0.010264,0.004098
47896,2019-01-10,JPM,JPMORGAN CHASE & CO,99.27000,100.73000,100.39000,14376430,-0.000100,100.37000,100.40000,100.02000,0.004474,0.004468,0.002611,0.002573,0.004518
47896,2019-01-11,JPM,JPMORGAN CHASE & CO,98.95000,100.17000,99.91000,15439850,-0.004781,99.92000,99.94000,99.89000,-0.000152,-0.000163,0.001293,0.001246,-0.000146
47896,2019-01-14,JPM,JPMORGAN CHASE & CO,98.66000,101.36000,100.94000,21258458,0.010309,100.94000,100.99000,98.87000,-0.005465,-0.005554,-0.005852,-0.005991,-0.005258
47896,2019-01-15,JPM,JPMORGAN CHASE & CO,98.60000,102.47000,101.68000,26504852,0.007331,101.68000,101.72000,98.89000,0.009839,0.009811,0.006546,0.006491,0.010722
47896,2019-01-16,JPM,JPMORGAN CHASE & CO,101.80000,103.45000,102.50000,18532952,0.008065,102.49000,102.50000,102.25000,0.003177,0.003157,0.004831,0.004808,0.002222
47896,2019-01-17,JPM,JPMORGAN CHASE & CO,101.92080,103.50000,102.92000,14247564,0.004098,102.93000,102.94000,102.11000,0.007082,0.007014,0.005101,0.005049,0.007591
47896,2019-01-18,JPM,JPMORGAN CHASE & CO,102.83000,104.90000,104.59000,16428710,0.016226,104.57000,104.58000,103.77000,0.012032,0.012011,0.008534,0.008518,0.013183
47896,2019-01-22,JPM,JPMORGAN CHASE & CO,102.13000,103.59000,102.94000,17083681,-0.015776,102.93000,102.94000,103.08000,-0.014150,-0.014182,-0.013514,-0.013570,-0.014157
47896,2019-01-23,JPM,JPMORGAN CHASE & CO,101.96500,103.70000,102.68000,12146678,-0.002526,102.68000,102.69000,103.44000,0.001313,0.001270,-0.000571,-0.000626,0.002203
47896,2019-01-24,JPM,JPMORGAN CHASE & CO,101.94000,103.09000,102.74000,11296764,0.000584,102.72000,102.74000,102.13000,0.002789,0.002762,0.005460,0.005439,0.001376
47896,2019-01-25,JPM,JPMORGAN CHASE & CO,102.74000,104.31000,103.39000,14412559,0.006327,103.39000,103.40000,103.51000,0.009553,0.009520,0.010818,0.010780,0.008489
47896,2019-01-28,JPM,JPMORGAN CHASE & CO,102.59000,104.24000,103.88000,12283089,0.004739,103.87000,103.88000,102.89000,-0.006493,-0.006493,-0.003899,-0.003906,-0.007847
47896,2019-01-29,JPM,JPMORGAN CHASE & CO,103.73010,105.11000,104.17000,9743271,0.002792,104.17000,104.19000,103.88000,-0.000918,-0.000929,0.000164,0.000143,-0.001456
47896,2019-01-30,JPM,JPMORGAN CHASE & CO,103.78000,105.24000,104.41000,12526274,0.002304,104.40000,104.41000,104.14000,0.014357,0.014215,0.009789,0.009713,0.015549
47896,2019-01-31,JPM,JPMORGAN CHASE & CO,102.73000,103.80000,103.50000,17520551,-0.008716,103.50000,103.51000,103.41000,0.008467,0.008278,0.007008,0.006938,0.008597
47896,2019-02-01,JPM,JPMORGAN CHASE & CO,103.52000,104.84550,103.88000,13000780,0.003671,103.85000,103.86000,104.00000,0.001418,0.001277,0.002960,0.002824,0.000899
47896,2019-02-04,JPM,JPMORGAN CHASE & CO,103.01000,104.25000,104.25000,9871549,0.003562,104.24000,104.25000,103.79000,0.006692,0.006647,0.007317,0.007261,0.006776
47896,2019-02-05,JPM,JPMORGAN CHASE & CO,103.29000,104.55000,103.79000,12762982,-0.004412,103.70000,103.72000,104.52000,0.004392,0.004375,0.002633,0.002602,0.004708
47896,2019-02-06,JPM,JPMORGAN CHASE & CO,103.46500,104.62000,103.74000,8744957,-0.000482,103.75000,103.76000,103.71000,-0.002529,-0.002605,-0.001374,-0.001427,-0.002224
47896,2019-02-07,JPM,JPMORGAN CHASE & CO,101.44000,103.50000,102.38000,13177489,-0.013110,102.37000,102.38000,103.25000,-0.008815,-0.008945,-0.009004,-0.009092,-0.009357
47896,2019-02-08,JPM,JPMORGAN CHASE & CO,100.06000,102.33500,101.36000,12892562,-0.009963,101.32000,101.34000,102.08000,0.000651,0.000387,-0.001107,-0.001212,0.000676
47896,2019-02-11,JPM,JPMORGAN CHASE & CO,100.77100,102.01000,100.88000,10978516,-0.004736,100.89000,100.90000,101.76000,0.001262,0.001241,0.003731,0.003704,0.000709
47896,2019-02-12,JPM,JPMORGAN CHASE & CO,101.89000,102.92000,102.60000,12852252,0.017050,102.59000,102.60000,101.95000,0.012367,0.012314,0.010086,0.010024,0.012890
47896,2019-02-13,JPM,JPMORGAN CHASE & CO,102.90000,103.85000,103.09000,10754061,0.004776,103.08000,103.09000,102.90000,0.002782,0.002721,0.003827,0.003776,0.003024
47896,2019-02-14,JPM,JPMORGAN CHASE & CO,101.35000,103.10000,102.42000,11518530,-0.006499,102.41000,102.42000,102.47000,-0.001423,-0.001761,0.000674,0.000393,-0.002652
47896,2019-02-15,JPM,JPMORGAN CHASE & CO,103.66000,105.70000,105.55000,14716861,0.030560,105.56000,105.57000,103.90000,0.010835,0.010763,0.009520,0.009451,0.010879
47896,2019-02-19,JPM,JPMORGAN CHASE & CO,103.81000,105.37000,105.18000,12764888,-0.003505,105.19000,105.21000,104.91000,0.002351,0.002292,0.005022,0.004951,0.001499
47896,2019-02-20,JPM,JPMORGAN CHASE & CO,104.87500,105.80000,105.69000,10030326,0.004849,105.72000,105.74000,105.21000,0.002105,0.001968,0.001534,0.001444,0.001777
47896,2019-02-21,JPM,JPMORGAN CHASE & CO,104.96000,105.99000,105.47000,8400075,-0.002082,105.47000,105.48000,105.45000,-0.003534,-0.003604,-0.001722,-0.001781,-0.003526
47896,2019-02-22,JPM,JPMORGAN CHASE & CO,104.77500,106.09000,105.00000,10647258,-0.004456,104.99000,105.00000,105.70000,0.006367,0.006318,0.007815,0.007776,0.006411
47896,2019-02-25,JPM,JPMORGAN CHASE & CO,105.69000,107.27000,106.10000,11230679,0.010476,106.07000,106.08000,105.75000,0.001355,0.001261,0.002548,0.002533,0.001232
47896,2019-02-26,JPM,JPMORGAN CHASE & CO,103.94000,105.47000,105.29000,15465393,-0.007634,105.27000,105.28000,104.50000,-0.001496,-0.001519,-0.002209,-0.002228,-0.000790
47896,2019-02-27,JPM,JPMORGAN CHASE & CO,104.50500,105.38000,105.16000,9968822,-0.001235,105.15000,105.16000,105.18000,0.000503,0.000365,0.000165,0.000076,-0.000544
47896,2019-02-28,JPM,JPMORGAN CHASE & CO,104.18000,105.21000,104.36000,15156850,-0.007607,104.35000,104.36000,105.01000,-0.002832,-0.003064,-0.003329,-0.003450,-0.002826
47896,2019-03-01,JPM,JPMORGAN CHASE & CO,104.20000,105.90500,104.43000,13813310,0.000671,104.41000,104.42000,105.10000,0.006074,0.005965,0.005596,0.005466,0.006895
47896,2019-03-04,JPM,JPMORGAN CHASE & CO,103.26680,105.91550,104.19000,12466285,-0.002298,104.22000,104.24000,104.92000,-0.004235,-0.004264,-0.002059,-0.002097,-0.003881
47896,2019-03-05,JPM,JPMORGAN CHASE & CO,103.26000,104.55000,104.11000,10856646,-0.000768,104.12000,104.13000,104.13000,-0.001320,-0.001347,-0.001251,-0.001273,-0.001131
47896,2019-03-06,JPM,JPMORGAN CHASE & CO,103.55000,104.57000,103.72000,9070782,-0.003746,103.74000,103.75000,103.86000,-0.007768,-0.007803,-0.012423,-0.012443,-0.006524
47896,2019-03-07,JPM,JPMORGAN CHASE & CO,102.16000,103.47000,102.97000,12705739,-0.007231,102.95000,102.96000,103.25000,-0.007494,-0.007681,-0.005773,-0.005884,-0.008126
47896,2019-03-08,JPM,JPMORGAN CHASE & CO,101.99000,103.23000,103.01000,10582371,0.000388,103.02000,103.03000,101.99000,-0.001900,-0.001999,-0.002342,-0.002463,-0.002132
47896,2019-03-11,JPM,JPMORGAN CHASE & CO,103.66000,104.54500,104.35000,9763235,0.013008,104.34000,104.35000,103.98000,0.014348,0.014321,0.013281,0.013230,0.014666
47896,2019-03-12,JPM,JPMORGAN CHASE & CO,103.75440,104.79000,104.04000,10219100,-0.002971,104.05000,104.06000,104.59000,0.002743,0.002709,0.002639,0.002589,0.002953
47896,2019-03-13,JPM,JPMORGAN CHASE & CO,103.95000,104.98000,104.39000,13022241,0.003364,104.38000,104.39000,104.19000,0.006419,0.006357,0.004495,0.004448,0.006950
47896,2019-03-14,JPM,JPMORGAN CHASE & CO,104.46000,105.87000,105.34000,10926470,0.009100,105.36000,105.37000,104.50000,-0.000989,-0.001326,-0.001548,-0.001928,-0.000868
47896,2019-03-15,JPM,JPMORGAN CHASE & CO,105.23000,106.80000,106.55000,24811730,0.011487,106.52000,106.53000,105.41000,0.004549,0.004452,0.003170,0.003049,0.004985
47896,2019-03-18,JPM,JPMORGAN CHASE & CO,106.50000,107.78500,107.19000,12935514,0.006007,107.21000,107.22000,106.55000,0.004449,0.004420,0.006075,0.005930,0.003706
47896,2019-03-19,JPM,JPMORGAN CHASE & CO,106.55000,108.40000,106.80000,12889267,-0.003638,106.82000,106.83000,108.20000,-0.000676,-0.000723,-0.001410,-0.001522,-0.000131
47896,2019-03-20,JPM,JPMORGAN CHASE & CO,104.41000,106.65000,104.52000,14920658,-0.021348,104.52000,104.53000,106.43000,-0.003146,-0.003266,-0.002614,-0.002785,-0.002944
47896,2019-03-21,JPM,JPMORGAN CHASE & CO,102.28040,103.49000,102.87000,19751044,-0.015786,102.86000,102.87000,103.49000,0.010294,0.010214,0.005282,0.005128,0.010853
47896,2019-03-22,JPM,JPMORGAN CHASE & CO,99.52000,102.32000,99.76000,31115189,-0.030232,99.75000,99.76000,101.82000,-0.020352,-0.020404,-0.022043,-0.022070,-0.018975
47896,2019-03-25,JPM,JPMORGAN CHASE & CO,98.09000,100.57000,98.93000,21032295,-0.008320,98.92000,98.93000,99.59000,-0.000328,-0.000413,-0.000245,-0.000300,-0.000839
47896,2019-03-26,JPM,JPMORGAN CHASE & CO,98.82000,100.40000,99.92000,15987129,0.010007,99.92000,99.93000,99.82000,0.007719,0.007711,0.006267,0.006223,0.007183
47896,2019-03-27,JPM,JPMORGAN CHASE & CO,99.08000,100.44990,99.58000,12753234,-0.003403,99.58000,99.59000,99.88000,-0.004686,-0.004709,-0.002540,-0.002566,-0.004644
47896,2019-03-28,JPM,JPMORGAN CHASE & CO,99.74000,100.80000,100.71000,12454070,0.011348,100.70000,100.71000,100.00000,0.004111,0.003829,0.003870,0.003583,0.003590
47896,2019-03-29,JPM,JPMORGAN CHASE & CO,100.58500,101.99000,101.23000,14523395,0.005163,101.25000,101.27000,101.54000,0.006019,0.005974,0.002876,0.002821,0.006734
47896,2019-04-01,JPM,JPMORGAN CHASE & CO,102.12000,104.68000,104.64000,17499280,0.033686,104.60000,104.62000,102.15000,0.011239,0.011166,0.009780,0.009658,0.011569
47896,2019-04-02,JPM,JPMORGAN CHASE & CO,104.33000,105.44000,105.14000,10295539,0.004778,105.13000,105.14000,104.60000,-0.000146,-0.000181,-0.000222,-0.000269,0.000017
47896,2019-04-03,JPM,JPMORGAN CHASE & CO,104.78500,106.36000,105.35000,11499209,0.001997,105.32000,105.34000,105.81000,0.002548,0.002540,0.002333,0.002309,0.002148
47896,2019-04-04,JPM,JPMORGAN CHASE & CO,104.45000,105.73000,105.56000,11952078,0.009587,105.55000,105.56000,104.55000,0.001939,0.001779,0.002985,0.002939,0.002085
47896,2019-04-05,JPM,JPMORGAN CHASE & CO,104.99000,106.11000,105.31000,9933660,-0.002368,105.28000,105.29000,105.80000,0.005114,0.005107,0.007044,0.007031,0.004636
47896,2019-04-08,JPM,JPMORGAN CHASE & CO,104.91000,105.65000,105.65000,8056282,0.003229,105.63000,105.64000,105.11000,0.001042,0.001026,0.001010,0.000995,0.001047
47896,2019-04-09,JPM,JPMORGAN CHASE & CO,104.25000,105.20000,104.87000,9092188,-0.007383,104.91000,104.92000,105.08000,-0.006282,-0.006510,-0.006985,-0.007011,-0.006067
47896,2019-04-10,JPM,JPMORGAN CHASE & CO,104.47000,105.71500,105.34000,10882304,0.004482,105.41000,105.42000,105.13000,0.004781,0.004715,0.006191,0.006139,0.003478
47896,2019-04-11,JPM,JPMORGAN CHASE & CO,105.56000,106.73000,106.23000,11183845,0.008449,106.25000,106.27000,105.71000,-0.000123,-0.000139,-0.001768,-0.001817,0.000038
47896,2019-04-12,JPM,JPMORGAN CHASE & CO,108.88000,111.85000,111.21000,25834073,0.046879,111.18000,111.20000,109.44000,0.006427,0.006341,0.002535,0.002389,0.006609
47896,2019-04-15,JPM,JPMORGAN CHASE & CO,109.12000,111.00000,109.94000,15163815,-0.011420,109.92000,109.93000,110.92000,-0.001019,-0.001050,-0.003526,-0.003550,-0.000629
47896,2019-04-16,JPM,JPMORGAN CHASE & CO,109.86000,111.39000,111.10000,11583232,0.010551,111.10000,111.11000,109.90000,0.000713,0.000698,0.000853,0.000809,0.000509
47896,2019-04-17,JPM,JPMORGAN CHASE & CO,111.01000,114.66000,114.30000,17791890,0.028803,114.29000,114.30000,111.70000,-0.003057,-0.003127,-0.005654,-0.005707,-0.002274
47896,2019-04-18,JPM,JPMORGAN CHASE & CO,113.33000,114.94500,113.46000,12501949,-0.007349,113.43000,113.46000,114.53000,0.001078,0.001059,-0.000348,-0.000390,0.001579
47896,2019-04-22,JPM,JPMORGAN CHASE & CO,112.66220,113.93000,113.60000,7975860,0.001234,113.61000,113.62000,112.83000,0.000550,0.000523,-0.001071,-0.001154,0.001012
47896,2019-04-23,JPM,JPMORGAN CHASE & CO,112.85000,114.37000,113.74000,9193318,0.001232,113.74000,113.75000,113.00000,0.008919,0.008838,0.008481,0.008338,0.008841
47896,2019-04-24,JPM,JPMORGAN CHASE & CO,112.81000,114.15000,113.55000,9245743,-0.001670,113.55000,113.56000,113.26000,-0.002067,-0.002100,-0.001668,-0.001680,-0.002192
47896,2019-04-25,JPM,JPMORGAN CHASE & CO,112.50000,114.14500,113.61000,9311768,0.000528,113.61000,113.62000,113.01000,-0.001464,-0.001472,-0.005200,-0.005228,-0.000369
47896,2019-04-26,JPM,JPMORGAN CHASE & CO,113.60000,114.58000,114.47000,7889519,0.007570,114.44000,114.45000,113.95000,0.005368,0.005324,0.005863,0.005817,0.004685
47896,2019-04-29,JPM,JPMORGAN CHASE & CO,114.44500,117.15500,116.12000,14242237,0.014414,116.12000,116.13000,114.60000,0.001457,0.001375,0.003016,0.002946,0.001071
47896,2019-04-30,JPM,JPMORGAN CHASE & CO,115.26000,116.72400,116.05000,11389147,-0.000603,116.01000,116.02000,116.43000,0.000358,0.000297,-0.002453,-0.002528,0.000951
47896,2019-05-01,JPM,JPMORGAN CHASE & CO,115.11000,117.00000,115.16000,10412881,-0.007669,115.13000,115.14000,115.72000,-0.007552,-0.007599,-0.006304,-0.006388,-0.007502
47896,2019-05-02,JPM,JPMORGAN CHASE & CO,114.58000,115.77530,115.41000,8613305,0.002171,115.44000,115.45000,115.17000,-0.001670,-0.001740,-0.001115,-0.001172,-0.002124
47896,2019-05-03,JPM,JPMORGAN CHASE & CO,115.67000,116.68000,116.12000,8185409,0.006152,116.08000,116.09000,116.00000,0.010903,0.010811,0.013264,0.013153,0.009638
47896,2019-05-06,JPM,JPMORGAN CHASE & CO,113.72000,115.47000,115.09000,9387010,-0.008870,115.09000,115.10000,114.18000,-0.003819,-0.003978,-0.002032,-0.002160,-0.004471
47896,2019-05-07,JPM,JPMORGAN CHASE & CO,112.28500,114.03000,113.21000,15017725,-0.016335,113.16000,113.17000,114.03000,-0.016138,-0.016162,-0.013079,-0.013145,-0.016512
47896,2019-05-08,JPM,JPMORGAN CHASE & CO,112.46000,113.67000,112.61000,9576075,-0.005300,112.62000,112.63000,112.66000,-0.001604,-0.001647,-0.000962,-0.001000,-0.001605
47896,2019-05-09,JPM,JPMORGAN CHASE & CO,110.58000,112.74000,112.52000,12205866,-0.000799,112.50000,112.51000,111.14000,-0.002762,-0.003037,-0.004986,-0.005092,-0.003021
47896,2019-05-10,JPM,JPMORGAN CHASE & CO,110.54000,112.84000,112.51000,13189381,-0.000089,112.53000,112.56000,111.75000,0.004061,0.003801,0.001979,0.001857,0.003720
47896,2019-05-13,JPM,JPMORGAN CHASE & CO,108.98000,110.45000,109.45000,13783652,-0.027198,109.43000,109.44000,110.08000,-0.024490,-0.024534,-0.022620,-0.022657,-0.024131
47896,2019-05-14,JPM,JPMORGAN CHASE & CO,109.50000,111.72000,110.32000,10503672,0.007949,110.33000,110.35000,109.55000,0.008972,0.008832,0.009282,0.009072,0.008016
47896,2019-05-15,JPM,JPMORGAN CHASE & CO,108.61000,110.89580,109.90000,10142048,-0.003807,109.94000,109.96000,109.21000,0.005735,0.005598,0.003094,0.003035,0.005839
47896,2019-05-16,JPM,JPMORGAN CHASE & CO,110.59000,112.17000,111.31000,9672729,0.012830,111.33000,111.35000,110.62000,0.008466,0.008250,0.002113,0.002001,0.008895
47896,2019-05-17,JPM,JPMORGAN CHASE & CO,109.82570,111.75000,110.77000,9570477,-0.004851,110.73000,110.75000,110.00000,-0.006777,-0.006866,-0.009133,-0.009204,-0.005837
47896,2019-05-20,JPM,JPMORGAN CHASE & CO,110.37000,111.81000,111.35000,8518244,0.005236,111.32000,111.33000,110.58000,-0.006482,-0.006568,-0.005819,-0.005910,-0.006749
47896,2019-05-21,JPM,JPMORGAN CHASE & CO,111.21500,111.92000,111.73000,7967976,0.003413,111.75000,111.76000,111.44000,0.008936,0.008913,0.008194,0.008147,0.008496
47896,2019-05-22,JPM,JPMORGAN CHASE & CO,110.75000,111.79000,110.82000,7918898,-0.008145,110.79000,110.80000,111.40000,-0.003791,-0.003813,-0.006750,-0.006788,-0.002824
47896,2019-05-23,JPM,JPMORGAN CHASE & CO,107.50000,109.79000,108.64000,14557969,-0.019672,108.63000,108.64000,109.64000,-0.012685,-0.012791,-0.014587,-0.014727,-0.011914
47896,2019-05-24,JPM,JPMORGAN CHASE & CO,109.19000,109.96000,109.71000,8537252,0.009849,109.75000,109.78000,109.52000,0.002769,0.002660,0.004570,0.004539,0.001354
47896,2019-05-28,JPM,JPMORGAN CHASE & CO,108.44000,109.83000,108.52000,11665579,-0.010847,108.45000,108.47000,109.20000,-0.007504,-0.007522,-0.004871,-0.004896,-0.008376
47896,2019-05-29,JPM,JPMORGAN CHASE & CO,107.06000,108.40000,108.22000,9966365,-0.002764,108.16000,108.18000,107.45000,-0.006890,-0.006911,-0.007024,-0.007040,-0.006912
47896,2019-05-30,JPM,JPMORGAN CHASE & CO,106.54000,109.18000,107.06000,10367822,-0.010719,107.07000,107.08000,108.65000,0.001395,0.001256,-0.000323,-0.000461,0.002098
47896,2019-05-31,JPM,JPMORGAN CHASE & CO,104.84000,106.58900,105.96000,10952857,-0.010275,105.93000,105.95000,105.56000,-0.011731,-0.011892,-0.009849,-0.009961,-0.013195
47896,2019-06-03,JPM,JPMORGAN CHASE & CO,105.30000,106.86000,106.46000,11680745,0.004719,106.38000,106.41000,105.80000,-0.002132,-0.002208,0.002028,0.001807,-0.002765
47896,2019-06-04,JPM,JPMORGAN CHASE & CO,107.13000,109.90000,109.74000,12858587,0.030810,109.75000,109.76000,107.85000,0.020888,0.020849,0.016296,0.016258,0.021432
47896,2019-06-05,JPM,JPMORGAN CHASE & CO,108.63760,110.38000,110.13000,8340484,0.003554,110.15000,110.16000,109.86000,0.006480,0.006393,-0.003716,-0.003743,0.008162
47896,2019-06-06,JPM,JPMORGAN CHASE & CO,108.93070,110.87000,110.37000,8726664,0.002179,110.39000,110.41000,110.15000,0.005135,0.004927,-0.002659,-0.002743,0.006136
47896,2019-06-07,JPM,JPMORGAN CHASE & CO,108.96000,110.02000,109.16000,10618932,-0.010963,109.13000,109.14000,109.70000,0.009671,0.009587,0.006756,0.006706,0.010498
47896,2019-06-10,JPM,JPMORGAN CHASE & CO,110.21500,111.21000,110.34000,11380602,0.010810,110.31000,110.33000,110.75000,0.004786,0.004779,0.005864,0.005850,0.004660
47896,2019-06-11,JPM,JPMORGAN CHASE & CO,110.37000,111.57000,110.68000,9847999,0.003081,110.68000,110.69000,110.82000,-0.000587,-0.000629,-0.000756,-0.000856,-0.000350
47896,2019-06-12,JPM,JPMORGAN CHASE & CO,108.89000,110.90000,109.27000,9670511,-0.012739,109.27000,109.29000,110.70000,-0.001895,-0.001922,-0.001817,-0.001888,-0.002038
47896,2019-06-13,JPM,JPMORGAN CHASE & CO,109.05000,110.16000,109.54000,8406903,0.002471,109.58000,109.60000,109.46000,0.004882,0.004584,0.007828,0.007433,0.004097
47896,2019-06-14,JPM,JPMORGAN CHASE & CO,108.63000,110.30270,109.82000,9077685,0.002556,109.83000,109.84000,109.57000,-0.002723,-0.002830,-0.006331,-0.006505,-0.001612
47896,2019-06-17,JPM,JPMORGAN CHASE & CO,109.06000,110.37000,109.22000,8128583,-0.005463,109.21000,109.22000,109.70000,0.001583,0.001301,0.002658,0.002318,0.000932
47896,2019-06-18,JPM,JPMORGAN CHASE & CO,108.98000,111.40500,110.71000,11057340,0.013642,110.75000,110.77000,109.01000,0.009988,0.009946,0.009913,0.009857,0.009717
47896,2019-06-19,JPM,JPMORGAN CHASE & CO,109.69500,111.59000,109.91000,13126542,-0.007226,109.86000,109.88000,110.82000,0.003742,0.003734,0.003660,0.003623,0.002985
47896,2019-06-20,JPM,JPMORGAN CHASE & CO,109.03310,111.08500,110.19000,13638199,0.002548,110.18000,110.19000,110.88000,0.008794,0.008724,0.006415,0.006296,0.009472
47896,2019-06-21,JPM,JPMORGAN CHASE & CO,109.09000,111.67000,109.44000,27089546,-0.006806,109.66000,109.69000,110.19000,-0.002480,-0.002603,-0.003684,-0.003804,-0.001259
47896,2019-06-24,JPM,JPMORGAN CHASE & CO,108.53500,109.77000,108.66000,13039577,-0.007127,108.66000,108.67000,109.28000,-0.002898,-0.002940,-0.006011,-0.006304,-0.001732
47896,2019-06-25,JPM,JPMORGAN CHASE & CO,107.67000,108.98000,107.76000,18660111,-0.008283,107.78000,107.79000,108.68000,-0.008983,-0.008992,-0.006024,-0.006213,-0.009496
47896,2019-06-26,JPM,JPMORGAN CHASE & CO,108.16000,109.31000,108.48000,10324609,0.006682,108.47000,108.48000,108.30000,-0.001030,-0.001050,0.000982,0.000955,-0.001234
47896,2019-06-27,JPM,JPMORGAN CHASE & CO,108.44000,109.55000,108.84000,10906607,0.003319,108.81000,108.82000,108.84000,0.005851,0.005565,0.009434,0.009081,0.003823
47896,2019-06-28,JPM,JPMORGAN CHASE & CO,110.90000,112.43000,111.80000,21634683,0.027196,111.77000,111.78000,111.04000,0.006661,0.006603,0.010004,0.009901,0.005757
47896,2019-07-01,JPM,JPMORGAN CHASE & CO,113.08000,114.52000,113.68000,12762478,0.016816,113.72000,113.73000,113.23000,0.006666,0.006613,0.003592,0.003471,0.007672
47896,2019-07-02,JPM,JPMORGAN CHASE & CO,113.22000,114.20000,113.80000,10182625,0.001056,113.81000,113.82000,113.51000,0.002012,0.001978,-0.002689,-0.002742,0.002928
47896,2019-07-03,JPM,JPMORGAN CHASE & CO,112.26000,113.87000,112.82000,6849443,-0.001582,112.78000,112.80000,113.34000,0.007696,0.007526,0.005094,0.005046,0.007672
47896,2019-07-05,JPM,JPMORGAN CHASE & CO,112.92000,114.27000,113.49000,7929536,0.005939,113.46000,113.48000,113.51000,-0.001125,-0.001196,0.001502,0.001488,-0.001806
47896,2019-07-08,JPM,JPMORGAN CHASE & CO,112.50000,113.48000,112.87000,6917209,-0.005463,112.88000,112.90000,112.96000,-0.005365,-0.005378,-0.005379,-0.005395,-0.004835
47896,2019-07-09,JPM,JPMORGAN CHASE & CO,112.15030,113.49000,113.35000,8947322,0.004253,113.36000,113.37000,112.28000,0.001762,0.001542,0.000305,0.000277,0.001237
47896,2019-07-10,JPM,JPMORGAN CHASE & CO,112.74000,113.83000,113.02000,9242253,-0.002911,113.01000,113.02000,113.37000,0.004054,0.004042,0.003225,0.003180,0.004511
47896,2019-07-11,JPM,JPMORGAN CHASE & CO,113.12000,114.35500,114.10000,11595170,0.009556,114.09000,114.10000,113.37000,0.001232,0.001219,-0.002149,-0.002214,0.002285
47896,2019-07-12,JPM,JPMORGAN CHASE & CO,113.93000,115.35000,115.30000,10783395,0.010517,115.28000,115.29000,114.13000,0.004673,0.004596,0.003242,0.003111,0.004620
47896,2019-07-15,JPM,JPMORGAN CHASE & CO,113.53000,115.57000,113.90000,12946597,-0.012142,113.87000,113.88000,115.54000,-0.000159,-0.000165,-0.001609,-0.001632,0.000176
47896,2019-07-16,JPM,JPMORGAN CHASE & CO,112.92000,115.50000,115.12000,16944998,0.010711,115.09000,115.12000,113.48000,-0.002952,-0.002981,-0.001289,-0.001340,-0.003404
47896,2019-07-17,JPM,JPMORGAN CHASE & CO,113.73000,114.94000,113.99000,13120924,-0.009816,113.99000,114.00000,114.43000,-0.005594,-0.005607,-0.005351,-0.005375,-0.006531
47896,2019-07-18,JPM,JPMORGAN CHASE & CO,113.55000,115.07000,114.67000,9400654,0.005965,114.66000,114.67000,113.93000,0.003364,0.003290,-0.000484,-0.000529,0.003582
47896,2019-07-19,JPM,JPMORGAN CHASE & CO,113.40000,115.12000,113.54000,10402772,-0.009854,113.56000,113.57000,114.89000,-0.005612,-0.005642,-0.003011,-0.003042,-0.006177
47896,2019-07-22,JPM,JPMORGAN CHASE & CO,112.77000,114.45000,114.27000,9061487,0.006429,114.28000,114.29000,112.91000,0.002286,0.002264,-0.001336,-0.001386,0.002829
47896,2019-07-23,JPM,JPMORGAN CHASE & CO,114.82000,116.45000,116.36000,12752167,0.018290,116.34000,116.36000,114.88000,0.006250,0.006233,0.002997,0.002945,0.006848
47896,2019-07-24,JPM,JPMORGAN CHASE & CO,115.52000,116.88000,116.83000,10011034,0.004039,116.80000,116.81000,115.58000,0.006008,0.005948,0.007624,0.007603,0.004688
47896,2019-07-25,JPM,JPMORGAN CHASE & CO,115.31500,117.24000,115.71000,10138368,-0.009587,115.78000,115.79000,116.89000,-0.006384,-0.006394,-0.008782,-0.008802,-0.005262
47896,2019-07-26,JPM,JPMORGAN CHASE & CO,115.53000,116.51000,116.22000,12800364,0.004408,116.21000,116.22000,115.77000,0.007304,0.007274,0.005888,0.005837,0.007388
47896,2019-07-29,JPM,JPMORGAN CHASE & CO,115.79000,117.18000,115.85000,8500370,-0.003184,115.85000,115.86000,116.46000,-0.002677,-0.002681,-0.003894,-0.003915,-0.001616
47896,2019-07-30,JPM,JPMORGAN CHASE & CO,114.76000,116.08000,115.59000,7121146,-0.002244,115.58000,115.59000,115.19000,-0.001279,-0.001417,0.005348,0.005272,-0.002579
47896,2019-07-31,JPM,JPMORGAN CHASE & CO,114.86000,116.18000,116.00000,13647968,0.003547,116.00000,116.01000,116.10000,-0.009979,-0.010018,-0.006988,-0.007021,-0.010886
47896,2019-08-01,JPM,JPMORGAN CHASE & CO,112.59500,116.80000,112.94000,15664530,-0.026379,112.93000,112.94000,115.33000,-0.009219,-0.009341,-0.011820,-0.011944,-0.008999
47896,2019-08-02,JPM,JPMORGAN CHASE & CO,111.40000,113.43000,112.93000,11025527,-0.000089,112.90000,112.92000,112.40000,-0.007805,-0.007903,-0.007407,-0.007490,-0.007283
47896,2019-08-05,JPM,JPMORGAN CHASE & CO,108.26500,110.98000,109.57000,15855328,-0.029753,109.54000,109.55000,110.79000,-0.028423,-0.028492,-0.024731,-0.024778,-0.029778
47896,2019-08-06,JPM,JPMORGAN CHASE & CO,108.34000,110.50000,110.43000,10203487,0.007849,110.42000,110.43000,110.05000,0.011900,0.011833,0.005916,0.005855,0.013017
47896,2019-08-07,JPM,JPMORGAN CHASE & CO,105.94000,108.28000,108.03000,17320865,-0.021733,108.01000,108.02000,108.00000,0.001289,0.001257,0.000099,0.000056,0.000767
47896,2019-08-08,JPM,JPMORGAN CHASE & CO,108.72000,110.08000,109.86000,10903331,0.016940,109.91000,109.92000,109.05000,0.018530,0.018294,0.012821,0.012712,0.018762
47896,2019-08-09,JPM,JPMORGAN CHASE & CO,108.29000,110.44500,109.74000,9980834,-0.001092,109.74000,109.75000,109.35000,-0.007192,-0.007324,-0.007476,-0.007579,-0.006617
47896,2019-08-12,JPM,JPMORGAN CHASE & CO,107.21000,108.51460,107.68000,9393668,-0.018772,107.65000,107.54000,108.44000,-0.012019,-0.012148,-0.009434,-0.009475,-0.012184
47896,2019-08-13,JPM,JPMORGAN CHASE & CO,107.03000,110.33000,109.34000,12236560,0.015416,109.33000,109.34000,107.95000,0.013317,0.013286,0.007568,0.007508,0.014994
47896,2019-08-14,JPM,JPMORGAN CHASE & CO,104.45000,106.91000,104.80000,19491849,-0.041522,104.78000,104.79000,106.30000,-0.027826,-0.028077,-0.024169,-0.024361,-0.029293
47896,2019-08-15,JPM,JPMORGAN CHASE & CO,104.34000,106.38000,105.20000,13365567,0.003817,105.17000,105.20000,104.82000,0.001777,0.001593,-0.003952,-0.004073,0.002464
47896,2019-08-16,JPM,JPMORGAN CHASE & CO,105.87000,107.98000,107.72000,11830550,0.023954,107.73000,107.74000,106.37000,0.014891,0.014769,0.015547,0.015479,0.014426
47896,2019-08-19,JPM,JPMORGAN CHASE & CO,108.41500,109.75000,108.69000,8265570,0.009005,108.69000,108.70000,109.63000,0.010675,0.010601,0.009701,0.009619,0.012106
47896,2019-08-20,JPM,JPMORGAN CHASE & CO,107.24000,108.44000,107.31000,8376105,-0.012697,107.32000,107.33000,107.85000,-0.006749,-0.006811,-0.002874,-0.002925,-0.007915
47896,2019-08-21,JPM,JPMORGAN CHASE & CO,107.44500,108.43000,107.61000,8189648,0.002796,107.61000,107.62000,108.21000,0.007927,0.007886,0.006829,0.006787,0.008247
47896,2019-08-22,JPM,JPMORGAN CHASE & CO,107.93000,109.26500,108.72000,9343395,0.010315,108.73000,108.75000,108.37000,-0.001010,-0.001047,-0.002545,-0.002666,-0.000506
47896,2019-08-23,JPM,JPMORGAN CHASE & CO,105.11000,108.78000,106.02000,14764096,-0.024834,106.00000,106.03000,108.00000,-0.024254,-0.024263,-0.020065,-0.020096,-0.025946
47896,2019-08-26,JPM,JPMORGAN CHASE & CO,106.01000,106.99000,106.87000,8211955,0.008017,106.91000,106.93000,106.62000,0.009977,0.009891,0.006578,0.006562,0.010983
47896,2019-08-27,JPM,JPMORGAN CHASE & CO,104.84000,107.56000,105.74000,14335951,-0.010574,105.67000,105.69000,107.35000,-0.003859,-0.003873,-0.008679,-0.008702,-0.003203
47896,2019-08-28,JPM,JPMORGAN CHASE & CO,105.04000,107.21000,106.80000,10593762,0.010025,106.83000,106.84000,105.08000,0.006323,0.006298,0.008018,0.008004,0.006545
47896,2019-08-29,JPM,JPMORGAN CHASE & CO,108.02000,109.89000,109.22000,10002439,0.022659,109.21000,109.22000,108.14000,0.012551,0.012390,0.010907,0.010762,0.012687
47896,2019-08-30,JPM,JPMORGAN CHASE & CO,109.47000,110.56000,109.86000,10170346,0.005860,109.72000,109.74000,109.84000,0.000647,0.000539,0.001053,0.000974,0.000643
47896,2019-09-03,JPM,JPMORGAN CHASE & CO,107.31670,108.99000,108.56000,9869174,-0.011833,108.58000,108.60000,108.98000,-0.007200,-0.007328,-0.008656,-0.008863,-0.006899
47896,2019-09-04,JPM,JPMORGAN CHASE & CO,108.56000,110.22000,109.87000,6944055,0.012067,109.89000,109.90000,109.45000,0.010731,0.010667,0.008953,0.008929,0.010842
47896,2019-09-05,JPM,JPMORGAN CHASE & CO,111.20000,113.72000,112.37000,13226615,0.022754,112.33000,112.35000,111.25000,0.012384,0.012200,0.012068,0.011971,0.013010
47896,2019-09-06,JPM,JPMORGAN CHASE & CO,111.96360,112.98000,112.61000,7836735,0.002136,112.62000,112.64000,112.66000,0.000270,0.000227,0.000926,0.000871,0.000911
47896,2019-09-09,JPM,JPMORGAN CHASE & CO,113.60000,116.05500,115.40000,13985144,0.024776,115.41000,115.42000,113.71000,0.000597,0.000530,0.007296,0.007262,-0.000094
47896,2019-09-10,JPM,JPMORGAN CHASE & CO,115.72750,117.27000,116.87000,14333096,0.012738,116.75000,116.76000,116.30000,0.001209,0.001183,0.009903,0.009873,0.000322
47896,2019-09-11,JPM,JPMORGAN CHASE & CO,115.38000,117.20000,117.19000,9919217,0.002738,117.15000,117.16000,116.89000,0.008121,0.008077,0.012987,0.012953,0.007230
47896,2019-09-12,JPM,JPMORGAN CHASE & CO,115.92000,118.47300,117.91000,12283450,0.006144,117.97000,117.98000,116.55000,0.002394,0.002245,0.000011,-0.000245,0.002879
47896,2019-09-13,JPM,JPMORGAN CHASE & CO,118.75000,120.40000,120.23000,16257246,0.019676,120.20000,120.21000,119.00000,-0.000402,-0.000640,0.001892,0.001653,-0.000724
47896,2019-09-16,JPM,JPMORGAN CHASE & CO,118.38000,119.86990,119.16000,11993932,-0.008900,119.10000,119.13000,118.90000,-0.001251,-0.001313,0.004686,0.004643,-0.003136
47896,2019-09-17,JPM,JPMORGAN CHASE & CO,117.24000,118.61000,118.57000,10819727,-0.004951,118.55000,118.56000,118.42000,0.002169,0.002144,-0.002837,-0.002901,0.002582
47896,2019-09-18,JPM,JPMORGAN CHASE & CO,117.75000,120.08000,119.76000,10716320,0.010036,119.76000,119.79000,118.32000,-0.000724,-0.000738,-0.004144,-0.004172,0.000343
47896,2019-09-19,JPM,JPMORGAN CHASE & CO,119.09000,120.33960,119.38000,9460470,-0.003173,119.34000,119.35000,119.70000,-0.000145,-0.000195,-0.001899,-0.001980,0.000020
47896,2019-09-20,JPM,JPMORGAN CHASE & CO,118.87000,120.34000,118.90000,22076823,-0.004021,118.87000,118.90000,119.74000,-0.004082,-0.004185,0.000365,0.000199,-0.004896
47896,2019-09-23,JPM,JPMORGAN CHASE & CO,117.68000,119.12000,118.88000,9184038,-0.000168,118.88000,118.89000,117.78000,-0.000094,-0.000116,-0.001491,-0.001636,-0.000097
47896,2019-09-24,JPM,JPMORGAN CHASE & CO,117.04000,119.26000,117.33000,11851899,-0.013038,117.34000,117.37000,118.75000,-0.009181,-0.009393,-0.012349,-0.012563,-0.008416
47896,2019-09-25,JPM,JPMORGAN CHASE & CO,117.12000,118.36000,118.00000,10269021,0.005710,118.03000,118.04000,117.27000,0.005652,0.005628,0.002551,0.002370,0.006159
47896,2019-09-26,JPM,JPMORGAN CHASE & CO,116.95000,118.05000,117.03000,9920613,-0.008220,117.06000,117.07000,117.88000,-0.003072,-0.003169,-0.006435,-0.006501,-0.002429
47896,2019-09-27,JPM,JPMORGAN CHASE & CO,117.28000,118.63500,117.72000,10207958,0.005896,117.73000,117.74000,117.96000,-0.005689,-0.005901,-0.006139,-0.006374,-0.005316
47896,2019-09-30,JPM,JPMORGAN CHASE & CO,117.21500,118.77000,117.69000,9800755,-0.000255,117.67000,117.69000,118.36000,0.004452,0.004384,0.000793,0.000752,0.005048
47896,2019-10-01,JPM,JPMORGAN CHASE & CO,115.41000,119.00000,115.55000,11328624,-0.018183,115.51000,115.53000,118.40000,-0.012535,-0.012610,-0.013112,-0.013223,-0.012258
47896,2019-10-02,JPM,JPMORGAN CHASE & CO,112.93000,114.90000,113.25000,12630337,-0.019905,113.27000,113.29000,114.81000,-0.016124,-0.016138,-0.011593,-0.011622,-0.017903
47896,2019-10-03,JPM,JPMORGAN CHASE & CO,110.52000,112.91000,112.19000,13102112,-0.001413,112.18000,112.19000,112.27000,0.007636,0.007462,0.004945,0.004908,0.007972
47896,2019-10-04,JPM,JPMORGAN CHASE & CO,112.27000,114.94000,114.62000,9622741,0.021660,114.61000,114.62000,112.34000,0.012663,0.012646,0.006928,0.006903,0.014217
47896,2019-10-07,JPM,JPMORGAN CHASE & CO,114.07000,115.50000,114.37000,6816951,-0.002181,114.37000,114.39000,114.19000,-0.003916,-0.003922,-0.002572,-0.002580,-0.004478
47896,2019-10-08,JPM,JPMORGAN CHASE & CO,111.66000,113.06000,111.82000,11588324,-0.022296,111.79000,111.80000,113.06000,-0.015075,-0.015095,-0.012203,-0.012215,-0.015561
47896,2019-10-09,JPM,JPMORGAN CHASE & CO,112.07000,113.16000,112.63000,7339861,0.007244,112.65000,112.66000,112.67000,0.008366,0.008121,0.002602,0.002579,0.009105
47896,2019-10-10,JPM,JPMORGAN CHASE & CO,113.00000,115.40000,114.21000,11388900,0.014028,114.22000,114.24000,113.14000,0.005609,0.005581,0.001782,0.001699,0.006416
47896,2019-10-11,JPM,JPMORGAN CHASE & CO,115.86500,117.99000,116.14000,15193768,0.016899,116.17000,116.20000,116.03000,0.011399,0.011317,0.012407,0.012265,0.010939
47896,2019-10-14,JPM,JPMORGAN CHASE & CO,115.66000,116.87000,116.45000,8878537,0.002669,116.39000,116.43000,115.85000,-0.001618,-0.001618,-0.001781,-0.001781,-0.001387
47896,2019-10-15,JPM,JPMORGAN CHASE & CO,117.87000,121.59000,119.96000,30522338,0.030142,119.92000,119.96000,118.85000,0.009102,0.009097,0.008558,0.008514,0.009956
47896,2019-10-16,JPM,JPMORGAN CHASE & CO,119.38000,120.62000,119.68000,11632039,-0.002334,119.70000,119.72000,119.96000,-0.001892,-0.001939,0.001273,0.001239,-0.002000
47896,2019-10-17,JPM,JPMORGAN CHASE & CO,119.88000,121.57000,120.35000,11064912,0.005598,120.37000,120.39000,120.75000,0.003690,0.003633,0.005286,0.005226,0.002763
47896,2019-10-18,JPM,JPMORGAN CHASE & CO,119.86000,121.02000,120.56000,10418383,0.001745,120.57000,120.58000,120.00000,-0.003714,-0.003736,-0.002769,-0.002810,-0.003919
47896,2019-10-21,JPM,JPMORGAN CHASE & CO,121.99000,123.77000,123.55000,13272678,0.024801,123.56000,123.57000,122.05000,0.006672,0.006646,0.005955,0.005906,0.006872
47896,2019-10-22,JPM,JPMORGAN CHASE & CO,123.12000,125.10000,124.79000,12657085,0.010036,124.87000,124.88000,123.45000,-0.003284,-0.003313,-0.000518,-0.000549,-0.003569
47896,2019-10-23,JPM,JPMORGAN CHASE & CO,124.16500,125.15000,125.12000,9397328,0.002644,125.12000,125.14000,124.20000,0.002377,0.002319,0.003058,0.003017,0.002847
47896,2019-10-24,JPM,JPMORGAN CHASE & CO,124.07000,125.66000,125.03000,8057164,-0.000719,125.01000,125.03000,125.29000,0.002351,0.002339,-0.001025,-0.001058,0.001920
47896,2019-10-25,JPM,JPMORGAN CHASE & CO,124.75000,126.65000,126.03000,9055690,0.007998,126.01000,126.02000,125.00000,0.004071,0.004048,0.003953,0.003911,0.004073
47896,2019-10-28,JPM,JPMORGAN CHASE & CO,126.40000,127.21000,126.51000,9522184,0.003809,126.52000,126.53000,126.57000,0.005234,0.005233,0.003627,0.003620,0.005581
47896,2019-10-29,JPM,JPMORGAN CHASE & CO,125.94000,127.42000,126.43000,9797283,-0.000632,126.40000,126.41000,126.06000,-0.000574,-0.000583,-0.000548,-0.000565,-0.000832
47896,2019-10-30,JPM,JPMORGAN CHASE & CO,124.91600,126.26000,125.73000,8513704,-0.005537,125.75000,125.76000,126.05000,0.002780,0.002661,-0.001200,-0.001286,0.003253
47896,2019-10-31,JPM,JPMORGAN CHASE & CO,123.86000,125.73000,124.92000,11589074,-0.006442,124.93000,124.94000,125.49000,-0.003480,-0.003593,-0.004344,-0.004432,-0.003023
47896,2019-11-01,JPM,JPMORGAN CHASE & CO,126.02000,127.98520,127.80000,11682642,0.023055,127.81000,127.82000,126.20000,0.010212,0.010072,0.013004,0.012835,0.009662
47896,2019-11-04,JPM,JPMORGAN CHASE & CO,128.56010,129.42000,128.82001,9159871,0.007981,128.83000,128.85001,129.08000,0.003762,0.003720,0.006466,0.006431,0.003704
47896,2019-11-05,JPM,JPMORGAN CHASE & CO,128.84000,130.30000,129.10001,13747635,0.002174,129.12000,129.14000,129.39000,-0.001073,-0.001083,0.000941,0.000916,-0.001186
47896,2019-11-06,JPM,JPMORGAN CHASE & CO,128.58000,129.84000,129.30000,11231123,0.001549,129.28000,129.30000,128.69000,-0.000325,-0.000401,-0.004803,-0.004881,0.000703
47896,2019-11-07,JPM,JPMORGAN CHASE & CO,129.92000,131.28999,130.00000,13528925,0.005414,130.11000,130.13000,130.42999,0.002842,0.002488,0.000340,0.000181,0.002730
47896,2019-11-08,JPM,JPMORGAN CHASE & CO,129.25000,130.39999,130.38000,9294223,0.002923,130.36000,130.37000,129.88000,0.002642,0.002507,0.000841,0.000753,0.002561
47896,2019-11-11,JPM,JPMORGAN CHASE & CO,129.35001,130.10001,129.92000,8680490,-0.003528,129.89000,129.91000,129.60001,-0.001637,-0.001637,-0.002542,-0.002542,-0.001962
47896,2019-11-12,JPM,JPMORGAN CHASE & CO,129.00999,130.62000,129.16000,9101912,-0.005850,129.13000,129.14999,129.63000,0.001141,0.001094,-0.001035,-0.001118,0.001565
47896,2019-11-13,JPM,JPMORGAN CHASE & CO,127.42000,128.81500,128.48000,8098146,-0.005265,128.48000,128.49001,128.13000,0.000337,0.000300,-0.004135,-0.004189,0.000712
47896,2019-11-14,JPM,JPMORGAN CHASE & CO,127.59000,128.84000,128.60001,8483725,0.000934,128.67999,128.70000,127.72000,0.000987,0.000730,-0.001756,-0.002016,0.000837
47896,2019-11-15,JPM,JPMORGAN CHASE & CO,128.39999,129.53000,129.53000,10163667,0.007232,129.50000,129.52000,129.23000,0.007074,0.006937,0.004136,0.004077,0.007695
47896,2019-11-18,JPM,JPMORGAN CHASE & CO,128.99001,130.64999,130.62000,8752503,0.008415,130.58000,130.61000,129.56000,0.000148,0.000105,-0.003061,-0.003146,0.000503
47896,2019-11-19,JPM,JPMORGAN CHASE & CO,130.17999,131.25000,130.58000,8824852,-0.000306,130.56000,130.57001,130.99001,0.000027,-0.000034,0.001460,0.001403,-0.000593
47896,2019-11-20,JPM,JPMORGAN CHASE & CO,128.94000,130.62000,129.63000,11785284,-0.007275,129.63000,129.64000,130.30000,-0.002962,-0.003099,-0.002946,-0.002996,-0.003756
47896,2019-11-21,JPM,JPMORGAN CHASE & CO,129.39000,130.72000,129.92999,7705492,0.002314,129.95000,129.96001,130.00000,-0.001708,-0.001770,-0.000985,-0.001103,-0.001583
47896,2019-11-22,JPM,JPMORGAN CHASE & CO,130.10001,131.22000,130.78999,8167918,0.006619,130.77000,130.78000,130.14999,0.002020,0.002006,0.003557,0.003523,0.002175
47896,2019-11-25,JPM,JPMORGAN CHASE & CO,130.86501,132.07001,131.49001,10069669,0.005352,131.49001,131.50000,131.25000,0.008560,0.008473,0.011192,0.011149,0.007507
47896,2019-11-26,JPM,JPMORGAN CHASE & CO,130.35730,131.82001,131.67000,10493863,0.001369,131.59000,131.61000,131.82001,0.002218,0.002189,0.000465,0.000432,0.002196
47896,2019-11-27,JPM,JPMORGAN CHASE & CO,131.64999,132.42999,132.06000,6609027,0.002962,132.06000,132.07001,132.28999,0.004320,0.004194,0.005769,0.005643,0.004174
47896,2019-11-29,JPM,JPMORGAN CHASE & CO,131.45000,132.41000,131.75999,5712035,-0.002272,131.77000,131.81000,131.87000,-0.004045,-0.004222,-0.000236,-0.000344,-0.004011
47896,2019-12-02,JPM,JPMORGAN CHASE & CO,131.35001,132.74001,131.47000,8622886,-0.002201,131.55000,131.58000,132.31000,-0.008547,-0.008633,-0.006343,-0.006470,-0.008631
47896,2019-12-03,JPM,JPMORGAN CHASE & CO,128.58501,129.96001,129.78000,10649454,-0.012855,129.75999,129.78000,129.77000,-0.005643,-0.005673,-0.002800,-0.002829,-0.006638
47896,2019-12-04,JPM,JPMORGAN CHASE & CO,129.99001,132.47000,132.34000,10319310,0.019726,132.37000,132.38000,130.38000,0.006030,0.005955,0.005447,0.005424,0.006324
47896,2019-12-05,JPM,JPMORGAN CHASE & CO,132.17999,133.31000,133.06000,9587878,0.005441,133.08000,133.10001,132.67999,0.001102,0.000882,-0.000491,-0.000581,0.001500
47896,2019-12-06,JPM,JPMORGAN CHASE & CO,134.64999,135.78000,135.03999,10171252,0.014880,135.03999,135.05000,134.69000,0.008432,0.008390,0.008005,0.007948,0.009136
47896,2019-12-09,JPM,JPMORGAN CHASE & CO,134.41000,135.46001,134.41000,8576380,-0.004665,134.44000,134.46001,134.63000,-0.002700,-0.002763,0.000526,0.000453,-0.003163
47896,2019-12-10,JPM,JPMORGAN CHASE & CO,132.88000,134.77000,134.50000,7533000,0.000670,134.47000,134.49001,133.25000,-0.000696,-0.000739,0.001636,0.001620,-0.001097
47896,2019-12-11,JPM,JPMORGAN CHASE & CO,134.00999,135.02000,134.17999,9012476,-0.002379,134.14999,134.16000,134.28999,0.002740,0.002715,0.002606,0.002459,0.002908
47896,2019-12-12,JPM,JPMORGAN CHASE & CO,134.21001,138.47000,138.02000,13725737,0.028618,138.00000,138.00999,134.49001,0.007859,0.007671,0.007406,0.007134,0.008575
47896,2019-12-13,JPM,JPMORGAN CHASE & CO,136.22000,138.83000,136.81000,10594949,-0.008767,136.81000,136.82001,137.95000,0.000027,-0.000149,-0.000715,-0.001047,0.000073
47896,2019-12-16,JPM,JPMORGAN CHASE & CO,137.32001,138.84000,137.34000,11372787,0.003874,137.34000,137.35001,138.38000,0.007073,0.006803,0.005041,0.004648,0.007148
47896,2019-12-17,JPM,JPMORGAN CHASE & CO,137.23000,138.66870,138.17999,11547063,0.006116,138.14000,138.16000,137.73000,0.000547,0.000535,0.002179,0.002120,0.000335
47896,2019-12-18,JPM,JPMORGAN CHASE & CO,137.71510,139.02000,138.03999,10382144,-0.001013,138.05000,138.07001,138.14999,0.000228,0.000142,0.002202,0.002111,-0.000432
47896,2019-12-19,JPM,JPMORGAN CHASE & CO,137.10001,138.22000,137.35001,9351045,-0.004998,137.35001,137.37000,137.75999,0.004192,0.004114,0.003721,0.003563,0.004459
47896,2019-12-20,JPM,JPMORGAN CHASE & CO,136.89999,138.88000,137.24001,29993960,-0.000801,137.21001,137.24001,138.02000,0.004534,0.004416,0.002899,0.002677,0.004945
47896,2019-12-23,JPM,JPMORGAN CHASE & CO,136.88000,137.91000,137.20000,9738524,-0.000292,137.21001,137.22000,137.60001,0.000956,0.000801,0.003865,0.003350,0.000866
47896,2019-12-24,JPM,JPMORGAN CHASE & CO,137.06410,137.63000,137.58000,3324291,0.002770,137.53999,137.57001,137.33000,0.000380,0.000269,0.003556,0.003383,-0.000195
47896,2019-12-26,JPM,JPMORGAN CHASE & CO,137.78000,139.10001,139.03999,6773034,0.010612,139.08000,139.10001,137.89000,0.004616,0.004528,0.003437,0.003367,0.005128
47896,2019-12-27,JPM,JPMORGAN CHASE & CO,138.66969,139.77000,139.14000,7868575,0.000719,139.13000,139.14000,139.30000,-0.000643,-0.000714,-0.002284,-0.002529,0.000034
47896,2019-12-30,JPM,JPMORGAN CHASE & CO,138.47000,140.08000,138.63000,6963342,-0.003665,138.67999,138.69000,139.89999,-0.005105,-0.005333,-0.001236,-0.001732,-0.005781
47896,2019-12-31,JPM,JPMORGAN CHASE & CO,138.29500,139.48000,139.39999,7201834,0.005554,139.37000,139.39999,138.50999,0.002964,0.002908,0.005045,0.005000,0.002946
47896,2020-01-02,JPM,JPMORGAN CHASE & CO,139.26500,141.10001,141.09000,10811019,0.012123,141.08000,141.10001,139.78999,0.007412,0.007316,0.005470,0.005428,0.008379
47896,2020-01-03,JPM,JPMORGAN CHASE & CO,137.08000,139.23000,138.34000,10387518,-0.013112,138.28000,138.28999,137.50000,-0.005828,-0.005900,-0.003057,-0.003072,-0.007060
47896,2020-01-06,JPM,JPMORGAN CHASE & CO,136.50000,138.27000,138.23000,10266522,-0.000795,138.21001,138.22000,136.56000,0.003269,0.003245,0.004548,0.004519,0.003533
47896,2020-01-07,JPM,JPMORGAN CHASE & CO,135.82001,137.86000,135.88000,10576911,-0.017001,135.85001,135.88000,137.28000,-0.002147,-0.002216,-0.000041,-0.000057,-0.002803
47896,2020-01-08,JPM,JPMORGAN CHASE & CO,135.60001,137.58000,136.94000,9697731,0.007801,136.97000,136.98000,135.70000,0.004028,0.003996,0.000914,0.000903,0.004902
47896,2020-01-09,JPM,JPMORGAN CHASE & CO,137.03999,138.23000,137.44000,9470746,0.003651,137.42999,137.44000,138.05000,0.005831,0.005627,0.002941,0.002900,0.006655
47896,2020-01-10,JPM,JPMORGAN CHASE & CO,135.81000,137.25000,136.07001,10192026,-0.009968,136.07001,136.09000,137.21001,-0.002578,-0.002586,-0.001247,-0.001285,-0.002855
47896,2020-01-13,JPM,JPMORGAN CHASE & CO,135.75500,137.20000,137.20000,12381809,0.008304,137.14000,137.14999,136.19000,0.007077,0.007073,0.004614,0.004608,0.006976
47896,2020-01-14,JPM,JPMORGAN CHASE & CO,137.69000,140.75999,138.80000,24942958,0.011662,138.70000,138.74001,137.94000,-0.000394,-0.000470,0.002920,0.002761,-0.001515
47896,2020-01-15,JPM,JPMORGAN CHASE & CO,136.14999,138.60001,136.72000,16293416,-0.014986,136.78999,136.80000,137.85001,0.001938,0.001921,0.003106,0.003084,0.001870
47896,2020-01-16,JPM,JPMORGAN CHASE & CO,136.84000,137.89999,137.25000,10783752,0.003877,137.27000,137.28999,137.45000,0.008389,0.008356,0.009900,0.009840,0.008367
47896,2020-01-17,JPM,JPMORGAN CHASE & CO,137.32001,138.28500,138.20000,14697672,0.006922,138.14999,138.17999,137.53999,0.002523,0.002506,-0.000518,-0.000544,0.003862
47896,2020-01-21,JPM,JPMORGAN CHASE & CO,136.69000,138.07001,136.84000,8474247,-0.009841,136.83000,136.84000,137.19000,-0.003027,-0.003051,-0.004034,-0.004087,-0.002652
47896,2020-01-22,JPM,JPMORGAN CHASE & CO,136.38000,137.39999,136.67999,7549111,-0.001169,136.67000,136.67999,137.24001,0.000376,0.000350,-0.001240,-0.001260,0.000289
47896,2020-01-23,JPM,JPMORGAN CHASE & CO,134.72000,136.74471,136.53999,9345683,-0.001024,136.53999,136.55000,135.71001,0.001000,0.000943,-0.001272,-0.001344,0.001141
47896,2020-01-24,JPM,JPMORGAN CHASE & CO,132.32001,136.42999,133.14999,15166392,-0.024828,133.14000,133.14999,136.37000,-0.008836,-0.008888,-0.010013,-0.010049,-0.009042
47896,2020-01-27,JPM,JPMORGAN CHASE & CO,129.71001,132.94000,132.03000,12860456,-0.008412,131.99001,132.00999,130.27000,-0.014872,-0.014873,-0.013417,-0.013421,-0.015731
47896,2020-01-28,JPM,JPMORGAN CHASE & CO,132.47839,134.97000,134.42999,13062789,0.018178,134.42999,134.45000,132.84000,0.009614,0.009600,0.007312,0.007306,0.010054
47896,2020-01-29,JPM,JPMORGAN CHASE & CO,133.69000,135.53999,134.23000,9326173,-0.001488,134.23000,134.24001,134.81000,-0.001160,-0.001178,-0.003777,-0.003802,-0.000867
47896,2020-01-30,JPM,JPMORGAN CHASE & CO,132.69000,136.13000,135.89000,9048887,0.012367,135.89000,135.89999,132.69000,0.002780,0.002602,-0.003303,-0.003417,0.003134
47896,2020-01-31,JPM,JPMORGAN CHASE & CO,131.47000,134.83000,132.36000,12785242,-0.025977,132.33000,132.34000,134.49001,-0.016642,-0.016726,-0.014389,-0.014453,-0.017706
47896,2020-02-03,JPM,JPMORGAN CHASE & CO,132.66000,134.24001,133.37000,10021369,0.007631,133.34000,133.35001,132.66000,0.007562,0.007308,0.004585,0.004418,0.007255
47896,2020-02-04,JPM,JPMORGAN CHASE & CO,135.08000,136.60001,135.28999,9157126,0.014396,135.28999,135.30000,135.55000,0.014853,0.014843,0.010742,0.010721,0.014980
47896,2020-02-05,JPM,JPMORGAN CHASE & CO,136.00999,137.73000,137.59000,10150709,0.017001,137.60001,137.62000,136.57001,0.009336,0.009318,0.011625,0.011596,0.011251
47896,2020-02-06,JPM,JPMORGAN CHASE & CO,137.11000,138.28999,137.61000,8992592,0.000145,137.59000,137.60001,138.24001,0.002601,0.002446,-0.001729,-0.001809,0.003326
47896,2020-02-07,JPM,JPMORGAN CHASE & CO,136.30000,137.67000,137.17000,6379784,-0.003197,137.17999,137.20000,136.73000,-0.005527,-0.005683,-0.008712,-0.008782,-0.005401
47896,2020-02-10,JPM,JPMORGAN CHASE & CO,136.75000,137.85100,137.74001,5960700,0.004155,137.71001,137.74001,136.95000,0.006756,0.006647,0.002496,0.002464,0.007326
47896,2020-02-11,JPM,JPMORGAN CHASE & CO,137.78000,138.82001,138.00000,6578649,0.001888,137.99001,138.00000,138.25999,0.003402,0.003367,0.005309,0.005261,0.001688
47896,2020-02-12,JPM,JPMORGAN CHASE & CO,137.80000,139.28500,138.00000,7957984,0.000000,137.99001,138.00000,138.60001,0.006406,0.006378,0.005858,0.005791,0.006463
47896,2020-02-13,JPM,JPMORGAN CHASE & CO,136.39999,138.34000,137.88000,7447535,-0.000870,137.91000,137.92999,137.75000,-0.000773,-0.001059,-0.001469,-0.001731,-0.001630
47896,2020-02-14,JPM,JPMORGAN CHASE & CO,136.94000,138.19000,137.46001,6627891,-0.003046,137.37000,137.39999,137.84000,0.001660,0.001527,-0.000396,-0.000496,0.001844
47896,2020-02-18,JPM,JPMORGAN CHASE & CO,135.05000,137.70500,135.64000,8997247,-0.013240,135.64000,135.67999,137.34000,-0.001944,-0.001987,-0.000244,-0.000286,-0.002920
47896,2020-02-19,JPM,JPMORGAN CHASE & CO,136.34000,138.39000,137.49001,7071399,0.013639,137.47000,137.48000,136.91000,0.005179,0.005061,0.005293,0.005263,0.004706
47896,2020-02-20,JPM,JPMORGAN CHASE & CO,136.53000,138.36000,137.49001,7422800,0.000000,137.42999,137.45000,137.17000,-0.002604,-0.002669,0.002578,0.002451,-0.003816
47896,2020-02-21,JPM,JPMORGAN CHASE & CO,134.92250,136.92000,135.81000,9772770,-0.012219,135.81000,135.82001,136.55000,-0.009789,-0.009838,-0.006579,-0.006638,-0.010518
47896,2020-02-24,JPM,JPMORGAN CHASE & CO,130.79880,133.20000,132.16000,13618432,-0.026876,132.14000,132.17000,131.44000,-0.031760,-0.031863,-0.025365,-0.025419,-0.033514
47896,2020-02-25,JPM,JPMORGAN CHASE & CO,125.59000,132.23000,126.26000,20797188,-0.044643,126.31000,126.33000,131.00000,-0.029476,-0.029504,-0.026824,-0.026857,-0.030280
47896,2020-02-26,JPM,JPMORGAN CHASE & CO,126.34000,128.95000,126.64000,24836163,0.003010,126.62000,126.64000,126.93000,-0.005395,-0.005402,-0.008618,-0.008642,-0.003779
47896,2020-02-27,JPM,JPMORGAN CHASE & CO,121.30000,125.62000,121.37000,23005470,-0.041614,121.30000,121.34000,122.91000,-0.040987,-0.041165,-0.029388,-0.029535,-0.044163
47896,2020-02-28,JPM,JPMORGAN CHASE & CO,112.66000,118.49000,116.11000,45942580,-0.043339,116.05000,116.09000,117.52000,-0.008552,-0.008690,-0.009691,-0.009804,-0.008238
47896,2020-03-02,JPM,JPMORGAN CHASE & CO,114.46000,121.58000,121.52000,27355446,0.046594,121.52000,121.55000,116.63000,0.040304,0.040243,0.022813,0.022721,0.046039
47896,2020-03-03,JPM,JPMORGAN CHASE & CO,116.24000,122.94690,116.96000,32547736,-0.037525,116.94000,116.96000,120.97000,-0.024635,-0.024678,-0.013162,-0.013203,-0.028108
47896,2020-03-04,JPM,JPMORGAN CHASE & CO,114.69500,120.19000,119.85000,25795867,0.024709,119.86000,119.87000,118.33000,0.037552,0.037499,0.022444,0.022401,0.042203
47896,2020-03-05,JPM,JPMORGAN CHASE & CO,112.58000,116.43000,113.97000,25025628,-0.049061,114.00000,114.01000,115.67000,-0.031529,-0.031701,-0.026674,-0.026765,-0.033922
47896,2020-03-06,JPM,JPMORGAN CHASE & CO,105.02000,110.32320,108.08000,38159405,-0.051680,108.11000,108.12000,106.26000,-0.017785,-0.017824,-0.021078,-0.021144,-0.017054
47896,2020-03-09,JPM,JPMORGAN CHASE & CO,93.00000,99.23020,93.44000,40352025,-0.135455,93.27000,93.28000,96.57000,-0.079317,-0.079414,-0.085247,-0.085302,-0.075970
47896,2020-03-10,JPM,JPMORGAN CHASE & CO,94.58000,101.28000,100.70000,31102652,0.077697,100.70000,100.71000,99.00000,0.044398,0.044320,0.024204,0.024161,0.049396
47896,2020-03-11,JPM,JPMORGAN CHASE & CO,94.55000,100.05000,95.96000,38157806,-0.047070,95.93000,95.94000,97.70000,-0.049958,-0.050022,-0.050931,-0.051037,-0.048868
47896,2020-03-12,JPM,JPMORGAN CHASE & CO,86.32000,96.96000,88.05000,49725233,-0.082430,88.04000,88.05000,89.59000,-0.096841,-0.097022,-0.100597,-0.100861,-0.095113
47896,2020-03-13,JPM,JPMORGAN CHASE & CO,92.00000,103.99000,103.91000,38543328,0.180125,103.90000,103.91000,95.99000,0.085502,0.085205,0.054602,0.054337,0.092871
47896,2020-03-16,JPM,JPMORGAN CHASE & CO,84.55000,93.98200,88.36000,38589653,-0.149649,88.35000,88.36000,85.20000,-0.118168,-0.118218,-0.107631,-0.107768,-0.119841
47896,2020-03-17,JPM,JPMORGAN CHASE & CO,87.50000,97.44000,93.76000,35239844,0.061114,93.75000,93.77000,90.89000,0.053074,0.053029,0.035050,0.034924,0.059955
47896,2020-03-18,JPM,JPMORGAN CHASE & CO,80.36000,90.79000,83.89000,41525568,-0.105269,83.88000,83.89000,87.67000,-0.059610,-0.059622,-0.097954,-0.097985,-0.051831
47896,2020-03-19,JPM,JPMORGAN CHASE & CO,76.91000,88.11000,85.30000,32175060,0.016808,85.29000,85.30000,81.56000,0.014319,0.014202,0.059286,0.059064,0.004708
47896,2020-03-20,JPM,JPMORGAN CHASE & CO,82.48000,89.46000,83.50000,30150823,-0.021102,83.13000,83.14000,86.30000,-0.037156,-0.037325,-0.012596,-0.012712,-0.043360
47896,2020-03-23,JPM,JPMORGAN CHASE & CO,78.09000,83.75000,79.03000,32536580,-0.053533,78.86000,78.88000,82.68000,-0.026878,-0.026964,-0.022939,-0.023269,-0.029294
47896,2020-03-24,JPM,JPMORGAN CHASE & CO,82.90000,90.10000,88.43000,34363160,0.118942,88.32000,88.33000,84.90000,0.091556,0.091477,0.082175,0.082032,0.093828
47896,2020-03-25,JPM,JPMORGAN CHASE & CO,84.54000,95.15000,91.73000,38111699,0.037318,91.85000,91.88000,89.24000,0.016379,0.016249,0.036478,0.036334,0.011535
47896,2020-03-26,JPM,JPMORGAN CHASE & CO,93.53750,98.57000,98.12000,29840426,0.069661,97.84000,97.91000,94.08000,0.057470,0.057358,0.050235,0.050067,0.062414
47896,2020-03-27,JPM,JPMORGAN CHASE & CO,90.55000,94.84000,91.13000,30041458,-0.071239,91.13000,91.14000,93.19000,-0.033038,-0.033044,-0.029879,-0.029934,-0.033687
47896,2020-03-30,JPM,JPMORGAN CHASE & CO,89.30000,94.09000,93.50000,21656933,0.026007,93.45000,93.46000,90.65000,0.029038,0.028781,0.009953,0.009577,0.033516
47896,2020-03-31,JPM,JPMORGAN CHASE & CO,89.34000,94.17000,90.03000,23379303,-0.037112,90.12000,90.13000,92.05000,-0.012277,-0.012356,0.000633,0.000589,-0.016013
47896,2020-04-01,JPM,JPMORGAN CHASE & CO,83.25000,86.56000,84.36000,28029566,-0.062979,84.41000,84.42000,85.10000,-0.045015,-0.045078,-0.050873,-0.051031,-0.044142
47896,2020-04-02,JPM,JPMORGAN CHASE & CO,82.96000,87.91000,87.51000,24017959,0.037340,87.47000,87.48000,83.51000,0.019501,0.019376,0.008287,0.008253,0.022829
47896,2020-04-03,JPM,JPMORGAN CHASE & CO,82.77000,87.48000,84.05000,21199448,-0.029254,84.07000,84.08000,86.00000,-0.015754,-0.015848,-0.020541,-0.020577,-0.015137
47896,2020-04-06,JPM,JPMORGAN CHASE & CO,87.70000,90.99000,89.46000,26820846,0.064366,88.77000,88.80000,88.99000,0.067894,0.067859,0.059138,0.059111,0.070331
47896,2020-04-07,JPM,JPMORGAN CHASE & CO,90.38000,94.50000,90.64000,22563810,0.013190,90.43000,90.47000,94.45000,0.000476,0.000465,0.010586,0.010556,-0.001603
47896,2020-04-08,JPM,JPMORGAN CHASE & CO,90.55000,94.86000,94.30000,22903255,0.040380,94.20000,94.22000,92.10000,0.033821,0.033608,0.037248,0.037196,0.034056
47896,2020-04-09,JPM,JPMORGAN CHASE & CO,96.89000,104.39000,102.76000,42084666,0.089714,102.75000,102.76000,96.92000,0.018252,0.018135,0.034491,0.034419,0.014487
47896,2020-04-13,JPM,JPMORGAN CHASE & CO,97.30000,103.11000,98.19000,26911949,-0.044473,98.23000,98.40000,103.11000,-0.010146,-0.010165,-0.007105,-0.007128,-0.010105
47896,2020-04-14,JPM,JPMORGAN CHASE & CO,93.64000,102.00000,95.50000,46151255,-0.027396,95.49000,95.50000,101.02000,0.028171,0.028068,0.019400,0.019208,0.030573
47896,2020-04-15,JPM,JPMORGAN CHASE & CO,90.13000,92.03000,90.79000,30118621,-0.049319,90.82000,90.85000,91.15000,-0.023057,-0.023104,-0.026455,-0.026501,-0.022030
47896,2020-04-16,JPM,JPMORGAN CHASE & CO,87.05000,90.57000,87.33000,32449619,-0.038110,87.32000,87.33000,90.23000,0.004197,0.004189,-0.006668,-0.006709,0.005817
47896,2020-04-17,JPM,JPMORGAN CHASE & CO,90.96000,95.70000,95.18000,30191898,0.089889,95.03000,95.05000,92.00000,0.027687,0.027655,0.032660,0.032620,0.026794
47896,2020-04-20,JPM,JPMORGAN CHASE & CO,90.46000,94.71000,91.71000,23679430,-0.036457,91.62000,91.63000,92.47000,-0.015553,-0.015577,-0.011511,-0.011589,-0.017881
47896,2020-04-21,JPM,JPMORGAN CHASE & CO,88.33000,91.38390,89.05000,23035023,-0.029004,88.98000,88.99000,88.62000,-0.029210,-0.029232,-0.017875,-0.017925,-0.030675
47896,2020-04-22,JPM,JPMORGAN CHASE & CO,89.18000,91.87000,89.34000,16706026,0.003257,89.23000,89.24000,90.69000,0.021875,0.021818,0.015250,0.015167,0.022930
47896,2020-04-23,JPM,JPMORGAN CHASE & CO,89.26000,91.28000,89.39000,16638765,0.000560,89.28000,89.31000,89.74000,0.001250,0.001187,0.010179,0.010146,-0.000539
47896,2020-04-24,JPM,JPMORGAN CHASE & CO,88.49000,91.10000,90.71000,15815286,0.014767,90.68000,90.71000,90.64000,0.013045,0.013024,0.009656,0.009611,0.013918
47896,2020-04-27,JPM,JPMORGAN CHASE & CO,91.54490,95.63000,94.62000,22870210,0.043104,94.36000,94.37000,91.94000,0.017511,0.017493,0.028557,0.028542,0.014714
47896,2020-04-28,JPM,JPMORGAN CHASE & CO,95.03000,98.35990,95.29000,20238900,0.007081,95.28000,95.29000,97.81000,-0.002298,-0.002303,0.012304,0.012293,-0.005242
47896,2020-04-29,JPM,JPMORGAN CHASE & CO,97.27000,99.45000,97.86000,20462562,0.026970,97.77000,97.78000,99.08000,0.028865,0.028790,0.040460,0.040370,0.026584
47896,2020-04-30,JPM,JPMORGAN CHASE & CO,94.55000,96.84000,95.76000,19127632,-0.021459,95.69000,95.76000,95.60000,-0.013076,-0.013137,-0.019332,-0.019409,-0.009212
47896,2020-05-01,JPM,JPMORGAN CHASE & CO,91.83500,93.74000,93.25000,18547741,-0.026211,93.26000,93.32000,93.50000,-0.028041,-0.028171,-0.028944,-0.029083,-0.028059
47896,2020-05-04,JPM,JPMORGAN CHASE & CO,90.80000,92.67000,92.14000,15725875,-0.011903,92.15000,92.16000,92.02000,0.004810,0.004795,0.003996,0.003949,0.004250
47896,2020-05-05,JPM,JPMORGAN CHASE & CO,91.90000,94.21000,92.00000,18064115,-0.001519,91.90000,91.94000,93.65000,0.008738,0.008694,0.003523,0.003497,0.009041
47896,2020-05-06,JPM,JPMORGAN CHASE & CO,89.93060,92.76000,90.27000,20978035,-0.018804,90.25000,90.28000,92.16000,-0.005853,-0.005940,-0.008204,-0.008256,-0.006979
47896,2020-05-07,JPM,JPMORGAN CHASE & CO,90.58000,92.91000,91.21000,16771938,0.010413,91.20000,91.21000,91.34000,0.013322,0.013014,0.015041,0.014913,0.011505
47896,2020-05-08,JPM,JPMORGAN CHASE & CO,92.11000,94.08000,92.70000,20494915,0.016336,92.48000,92.49000,92.80000,0.018605,0.018450,0.026622,0.026483,0.016872
47896,2020-05-11,JPM,JPMORGAN CHASE & CO,89.33000,91.11000,89.97000,31907585,-0.029450,89.90000,89.91000,91.11000,-0.000441,-0.000451,-0.004087,-0.004115,0.000177
47896,2020-05-12,JPM,JPMORGAN CHASE & CO,86.90000,90.79000,87.03000,27962923,-0.032678,87.00000,87.01000,90.15000,-0.020370,-0.020495,-0.018736,-0.018864,-0.020544
47896,2020-05-13,JPM,JPMORGAN CHASE & CO,83.40000,86.86000,84.03000,35451600,-0.034471,84.06000,84.07000,86.38000,-0.019027,-0.019083,-0.027333,-0.027424,-0.017463
47896,2020-05-14,JPM,JPMORGAN CHASE & CO,82.40000,88.11000,87.52000,35152452,0.041533,87.55000,87.58000,82.72000,0.010302,0.010068,0.003296,0.003026,0.011525
47896,2020-05-15,JPM,JPMORGAN CHASE & CO,85.30000,87.28000,85.90000,26099044,-0.018510,85.90000,85.94000,86.85000,0.005234,0.005131,0.008224,0.008113,0.003926
47896,2020-05-18,JPM,JPMORGAN CHASE & CO,87.88000,91.15000,90.45000,30528734,0.052969,90.24000,90.30000,88.69000,0.033368,0.033256,0.045796,0.045701,0.031501
47896,2020-05-19,JPM,JPMORGAN CHASE & CO,88.59000,91.19870,88.67000,19597291,-0.019679,88.64000,88.65000,90.05000,-0.009706,-0.009772,-0.008125,-0.008165,-0.010484
47896,2020-05-20,JPM,JPMORGAN CHASE & CO,90.37000,92.38500,91.33000,20552362,0.029999,91.33000,91.36000,90.71000,0.017387,0.017253,0.022291,0.022215,0.016651
47896,2020-05-21,JPM,JPMORGAN CHASE & CO,89.67000,91.76000,90.17000,14621406,-0.012701,90.13000,90.16000,90.27000,-0.006646,-0.006709,-0.000303,-0.000416,-0.007774
47896,2020-05-22,JPM,JPMORGAN CHASE & CO,88.72000,90.36000,89.47000,13557923,-0.007763,89.45000,89.47000,90.01000,0.002656,0.002539,0.002900,0.002866,0.002354
47896,2020-05-26,JPM,JPMORGAN CHASE & CO,92.61000,97.50000,95.82000,41233949,0.070973,95.84000,95.85000,92.89000,0.014186,0.014163,0.024626,0.024599,0.012289
47896,2020-05-27,JPM,JPMORGAN CHASE & CO,98.80000,102.58000,101.37000,39402040,0.057921,101.37000,101.38000,102.07000,0.014962,0.014949,0.020346,0.020326,0.014827
47896,2020-05-28,JPM,JPMORGAN CHASE & CO,99.40000,102.95000,99.86000,24738542,-0.014896,99.87000,99.89000,102.94000,-0.003516,-0.003637,-0.009559,-0.009664,-0.002108
47896,2020-05-29,JPM,JPMORGAN CHASE & CO,96.77500,99.18000,97.31000,26538154,-0.025536,97.25000,97.26000,98.66000,0.004678,0.004546,-0.001383,-0.001494,0.004812
47896,2020-06-01,JPM,JPMORGAN CHASE & CO,97.38000,99.51150,98.60000,15207495,0.013257,98.61000,98.63000,97.75000,0.006645,0.006569,0.012506,0.012385,0.003751
47896,2020-06-02,JPM,JPMORGAN CHASE & CO,97.92760,100.42000,98.93000,21194963,0.003347,98.97000,98.98000,100.28000,0.008413,0.008391,0.011030,0.011004,0.008211
47896,2020-06-03,JPM,JPMORGAN CHASE & CO,101.06000,104.92000,104.27000,25941090,0.053978,104.32000,104.33000,101.58000,0.014862,0.014781,0.022584,0.022547,0.013649
47896,2020-06-04,JPM,JPMORGAN CHASE & CO,102.79000,106.61000,106.44000,26784723,0.020811,106.42000,106.43000,103.82000,-0.003038,-0.003198,0.008012,0.007949,-0.003369
47896,2020-06-05,JPM,JPMORGAN CHASE & CO,109.53000,115.77000,111.23000,42230986,0.045002,111.12000,111.13000,114.93000,0.025002,0.024987,0.032168,0.032153,0.026212
47896,2020-06-08,JPM,JPMORGAN CHASE & CO,111.94000,114.19000,113.45000,24881791,0.019959,113.48000,113.49000,113.41000,0.014235,0.014211,0.032393,0.032376,0.012042
47896,2020-06-09,JPM,JPMORGAN CHASE & CO,109.01000,111.63000,110.54000,17031144,-0.025650,110.55000,110.57000,110.65000,-0.009508,-0.009566,-0.010359,-0.010387,-0.007799
47896,2020-06-10,JPM,JPMORGAN CHASE & CO,105.85000,110.50500,106.06000,24913328,-0.040528,106.02000,106.03000,110.46000,-0.006659,-0.006675,-0.016255,-0.016340,-0.005313
47896,2020-06-11,JPM,JPMORGAN CHASE & CO,96.54000,101.58000,97.21000,36259224,-0.083443,97.21000,97.22000,100.03000,-0.058203,-0.058298,-0.063587,-0.063694,-0.058944
47896,2020-06-12,JPM,JPMORGAN CHASE & CO,97.33000,101.13000,99.87000,24856764,0.027363,99.82000,99.84000,100.71000,0.014074,0.013807,0.022566,0.022253,0.013061
47896,2020-06-15,JPM,JPMORGAN CHASE & CO,95.87000,101.43000,101.25000,22153641,0.013818,101.30000,101.32000,96.42000,0.010691,0.010514,0.014460,0.014142,0.008312
47896,2020-06-16,JPM,JPMORGAN CHASE & CO,99.31000,105.68000,102.06000,22193575,0.008000,102.12000,102.15000,105.37000,0.017647,0.017622,0.018722,0.018654,0.018962
47896,2020-06-17,JPM,JPMORGAN CHASE & CO,99.21000,102.54000,99.48000,15639830,-0.025279,99.45000,99.48000,102.53000,-0.004129,-0.004139,-0.008035,-0.008080,-0.003600
47896,2020-06-18,JPM,JPMORGAN CHASE & CO,98.13000,100.52000,98.94000,16591911,-0.005428,98.99000,99.00000,98.67000,0.001198,0.001168,0.000431,0.000344,0.000594
47896,2020-06-19,JPM,JPMORGAN CHASE & CO,96.73000,100.60000,97.81000,40371167,-0.011421,97.76000,97.77000,100.53000,-0.004599,-0.004768,-0.002264,-0.002361,-0.005649
47896,2020-06-22,JPM,JPMORGAN CHASE & CO,96.54000,97.95000,96.75000,16216903,-0.010837,96.75000,96.79000,97.25000,0.006682,0.006590,0.003837,0.003538,0.006495
47896,2020-06-23,JPM,JPMORGAN CHASE & CO,97.85000,99.97000,97.93000,15381376,0.012196,97.93000,97.96000,98.97000,0.003905,0.003895,0.003704,0.003608,0.004307
47896,2020-06-24,JPM,JPMORGAN CHASE & CO,94.31000,96.84000,94.66000,22919784,-0.033391,94.70000,94.72000,96.75000,-0.025737,-0.025761,-0.025694,-0.025756,-0.025855
47896,2020-06-25,JPM,JPMORGAN CHASE & CO,94.26220,98.21000,97.96000,25743638,0.034862,97.85000,97.87000,94.35000,0.011260,0.011158,0.010545,0.010364,0.010959
47896,2020-06-26,JPM,JPMORGAN CHASE & CO,92.00000,95.37000,92.59000,41896324,-0.054818,92.53000,92.60000,95.11000,-0.022878,-0.022902,-0.020526,-0.020588,-0.024227
47896,2020-06-29,JPM,JPMORGAN CHASE & CO,92.18000,94.49000,93.00000,18499738,0.004428,92.98000,93.01000,93.40000,0.014497,0.014286,0.016462,0.016200,0.014686
47896,2020-06-30,JPM,JPMORGAN CHASE & CO,92.57000,94.65980,94.06000,19137010,0.011398,93.98000,94.00000,92.83000,0.014671,0.014611,0.009754,0.009726,0.015410
47896,2020-07-01,JPM,JPMORGAN CHASE & CO,93.03010,95.70500,93.26000,18755728,-0.008505,93.28000,93.29000,94.89000,0.004033,0.003959,-0.002446,-0.002601,0.005022
47896,2020-07-02,JPM,JPMORGAN CHASE & CO,91.93100,94.96000,92.66000,27845616,0.003217,92.66000,92.69000,94.74000,0.005020,0.004875,0.004246,0.004193,0.004541
47896,2020-07-06,JPM,JPMORGAN CHASE & CO,93.48000,95.20000,95.00000,18625272,0.025254,94.99000,95.00000,94.43000,0.014885,0.014858,0.012130,0.012103,0.015882
47896,2020-07-07,JPM,JPMORGAN CHASE & CO,92.00000,94.10000,92.32000,25757203,-0.028211,92.30000,92.32000,93.82000,-0.010264,-0.010268,-0.013507,-0.013517,-0.010819
47896,2020-07-08,JPM,JPMORGAN CHASE & CO,91.80000,93.34000,93.30000,18762214,0.010615,93.30000,93.31000,92.29000,0.008437,0.008426,0.006774,0.006748,0.007828
47896,2020-07-09,JPM,JPMORGAN CHASE & CO,90.77640,94.12000,91.28000,25600763,-0.021651,91.30000,91.33000,93.52000,-0.005703,-0.005918,-0.013139,-0.013178,-0.005644
47896,2020-07-10,JPM,JPMORGAN CHASE & CO,91.87060,96.84000,96.27000,28954234,0.054667,96.28000,96.29000,92.00000,0.010386,0.010374,0.012624,0.012560,0.010466
47896,2020-07-13,JPM,JPMORGAN CHASE & CO,96.22500,99.26630,97.65000,32079211,0.014335,97.61000,97.62000,98.73030,-0.011212,-0.011214,-0.010449,-0.010459,-0.009363
47896,2020-07-14,JPM,JPMORGAN CHASE & CO,96.64000,99.95000,98.21000,42731666,0.005735,98.21000,98.22000,98.37000,0.013290,0.013178,0.009832,0.009665,0.013406
47896,2020-07-15,JPM,JPMORGAN CHASE & CO,98.65000,101.29000,99.73000,22508410,0.015477,99.73000,99.74000,100.89000,0.011800,0.011781,0.024746,0.024722,0.009082
47896,2020-07-16,JPM,JPMORGAN CHASE & CO,98.55000,101.22000,100.01000,16886886,0.002808,100.02000,100.05000,98.78000,-0.004003,-0.004028,-0.001971,-0.002030,-0.003406
47896,2020-07-17,JPM,JPMORGAN CHASE & CO,98.14000,100.08000,98.16000,16161547,-0.018498,98.16000,98.18000,100.00000,0.003636,0.003598,0.005338,0.005311,0.002849
47896,2020-07-20,JPM,JPMORGAN CHASE & CO,97.26000,98.39000,97.30000,14458137,-0.008761,97.28000,97.29000,97.43000,0.008567,0.008563,0.002191,0.002151,0.008407
47896,2020-07-21,JPM,JPMORGAN CHASE & CO,97.64000,100.05000,99.41000,17812297,0.021686,99.41000,99.42000,97.71000,0.002298,0.002285,0.012603,0.012589,0.001679
47896,2020-07-22,JPM,JPMORGAN CHASE & CO,97.53000,100.13000,98.69000,14271150,-0.007243,98.67000,98.69000,99.65000,0.005138,0.005121,0.001624,0.001608,0.005747
47896,2020-07-23,JPM,JPMORGAN CHASE & CO,97.97000,99.35000,98.98000,12870184,0.002939,98.96000,98.98000,98.50000,-0.010909,-0.010967,-0.004228,-0.004309,-0.012320
47896,2020-07-24,JPM,JPMORGAN CHASE & CO,97.94000,99.80000,98.28000,12744151,-0.007072,98.28000,98.31000,99.60000,-0.006986,-0.007031,-0.007645,-0.007669,-0.006190
47896,2020-07-27,JPM,JPMORGAN CHASE & CO,96.17000,97.63000,96.90000,11959055,-0.014041,96.89000,96.90000,97.51000,0.009010,0.009006,0.006945,0.006942,0.007395
47896,2020-07-28,JPM,JPMORGAN CHASE & CO,96.50000,97.88540,97.32000,11754273,0.004334,97.33000,97.34000,96.50000,-0.006926,-0.006935,-0.004818,-0.004829,-0.006473
47896,2020-07-29,JPM,JPMORGAN CHASE & CO,97.00000,99.71000,99.68000,12743520,0.024250,99.67000,99.68000,97.07000,0.013428,0.013422,0.013156,0.013127,0.012428
47896,2020-07-30,JPM,JPMORGAN CHASE & CO,96.05000,97.74000,97.02000,14834785,-0.026685,97.00000,97.02000,97.54000,-0.003768,-0.003929,-0.002326,-0.002425,-0.003750
47896,2020-07-31,JPM,JPMORGAN CHASE & CO,95.25000,96.93000,96.64000,14539496,-0.003917,96.61000,96.63000,96.48000,0.004524,0.004438,-0.007106,-0.007177,0.007670
47896,2020-08-03,JPM,JPMORGAN CHASE & CO,95.85000,97.57000,96.10000,12972563,-0.005588,96.12000,96.13000,97.02000,0.008692,0.008612,0.013695,0.013587,0.007181
47896,2020-08-04,JPM,JPMORGAN CHASE & CO,95.03000,95.95000,95.55000,13366154,-0.005723,95.54000,95.55000,95.91000,0.004528,0.004524,0.008749,0.008733,0.003612
47896,2020-08-05,JPM,JPMORGAN CHASE & CO,95.72000,98.47000,97.21000,15349693,0.017373,97.21000,97.24000,95.87000,0.007526,0.007520,0.012041,0.011982,0.006430
47896,2020-08-06,JPM,JPMORGAN CHASE & CO,96.54000,98.10000,97.24000,10482062,0.000309,97.22000,97.24000,97.58000,0.004654,0.004495,-0.000438,-0.000548,0.006428
47896,2020-08-07,JPM,JPMORGAN CHASE & CO,96.56000,99.49000,99.38000,14743678,0.022007,99.36000,99.38000,96.93000,0.000244,0.000084,0.006408,0.006307,0.000633
47896,2020-08-10,JPM,JPMORGAN CHASE & CO,100.03430,102.04000,100.64000,14989853,0.012679,100.68000,100.71000,100.11000,0.002652,0.002638,0.010567,0.010548,0.002742
47896,2020-08-11,JPM,JPMORGAN CHASE & CO,103.51000,106.16000,103.82000,31518607,0.031598,103.82000,103.83000,103.86000,-0.007931,-0.007947,-0.005603,-0.005627,-0.007969
47896,2020-08-12,JPM,JPMORGAN CHASE & CO,101.71000,106.43000,102.94000,19250157,-0.008476,102.94000,102.95000,106.16000,0.012994,0.012890,0.004380,0.004314,0.013997
47896,2020-08-13,JPM,JPMORGAN CHASE & CO,101.63500,103.36000,102.37000,13598648,-0.005537,102.37000,102.38000,102.00000,-0.000593,-0.000841,-0.000391,-0.000655,-0.002047
47896,2020-08-14,JPM,JPMORGAN CHASE & CO,101.42000,103.31000,102.41000,12134360,0.000391,102.39000,102.42000,101.50000,-0.000669,-0.000753,-0.000955,-0.001067,-0.000172
47896,2020-08-17,JPM,JPMORGAN CHASE & CO,99.53000,102.00000,99.71000,14987988,-0.026365,99.71000,99.75000,101.50000,0.005019,0.004995,0.004042,0.003999,0.002710
47896,2020-08-18,JPM,JPMORGAN CHASE & CO,98.12000,99.91000,98.32000,13246506,-0.013940,98.32000,98.34000,99.91000,0.001404,0.001289,-0.005829,-0.005894,0.002303
47896,2020-08-19,JPM,JPMORGAN CHASE & CO,98.34000,100.59000,98.55000,13533015,0.002339,98.55000,98.56000,98.92000,-0.004378,-0.004493,-0.002526,-0.002555,-0.004404
47896,2020-08-20,JPM,JPMORGAN CHASE & CO,96.80000,98.03000,97.37000,13672577,-0.011974,97.37000,97.39000,97.26000,0.002806,0.002765,-0.003818,-0.003882,0.003159
47896,2020-08-21,JPM,JPMORGAN CHASE & CO,96.94000,98.56500,97.32000,12228301,-0.000514,97.31000,97.32000,97.27000,0.001599,0.001548,-0.007691,-0.007789,0.003441
47896,2020-08-24,JPM,JPMORGAN CHASE & CO,97.42000,100.21000,100.06000,17898270,0.028155,100.07000,100.09000,98.45000,0.008910,0.008826,0.005493,0.005448,0.010044
47896,2020-08-25,JPM,JPMORGAN CHASE & CO,99.80000,101.98000,100.50000,13648931,0.004397,100.50000,100.51000,101.27000,0.003408,0.003392,0.003946,0.003925,0.003596
47896,2020-08-26,JPM,JPMORGAN CHASE & CO,99.05000,100.27000,99.09000,12052437,-0.014030,99.10000,99.12000,99.94000,0.008729,0.008714,-0.002935,-0.002968,0.010196
47896,2020-08-27,JPM,JPMORGAN CHASE & CO,99.00000,102.65000,102.35000,22163863,0.032899,102.32000,102.33000,99.00000,0.001686,0.001634,-0.001134,-0.001177,0.001673
47896,2020-08-28,JPM,JPMORGAN CHASE & CO,101.81000,103.25000,102.77000,13756725,0.004104,102.75000,102.77000,103.14000,0.006925,0.006825,0.010001,0.009915,0.006733
47896,2020-08-31,JPM,JPMORGAN CHASE & CO,100.02000,102.18000,100.19000,14219441,-0.025105,100.13000,100.14000,102.12000,-0.001560,-0.001659,-0.007657,-0.007737,-0.002195
47896,2020-09-01,JPM,JPMORGAN CHASE & CO,99.04000,100.87120,100.14000,11602053,-0.000499,100.13000,100.14000,99.55000,0.008490,0.008440,0.003061,0.002978,0.007525
47896,2020-09-02,JPM,JPMORGAN CHASE & CO,99.56000,101.94000,101.65000,14475673,0.015079,101.60000,101.61000,99.95000,0.012122,0.012053,0.005777,0.005765,0.015366
47896,2020-09-03,JPM,JPMORGAN CHASE & CO,100.64000,104.99000,101.33000,23281235,-0.003148,101.36000,101.37000,103.32000,-0.033998,-0.034142,-0.021922,-0.021999,-0.035126
47896,2020-09-04,JPM,JPMORGAN CHASE & CO,101.37000,105.21000,103.52000,26325470,0.021613,103.49000,103.50000,104.05000,-0.008065,-0.008071,-0.004367,-0.004388,-0.008133
47896,2020-09-08,JPM,JPMORGAN CHASE & CO,99.48000,103.57000,99.92000,22108612,-0.034776,99.93000,99.97000,102.98000,-0.026800,-0.026841,-0.013253,-0.013270,-0.027756
47896,2020-09-09,JPM,JPMORGAN CHASE & CO,99.56000,101.69000,100.87000,13434024,0.009508,100.87000,100.89000,100.80000,0.019843,0.019790,0.011640,0.011604,0.020145
47896,2020-09-10,JPM,JPMORGAN CHASE & CO,99.64000,102.42000,99.83000,15922793,-0.010310,99.81000,99.82000,101.40000,-0.015557,-0.015607,-0.009134,-0.009256,-0.017585
47896,2020-09-11,JPM,JPMORGAN CHASE & CO,99.59000,101.36000,101.07000,13784342,0.012421,101.05000,101.07000,99.97000,-0.000188,-0.000232,-0.002105,-0.002155,0.000533
47896,2020-09-14,JPM,JPMORGAN CHASE & CO,101.37000,103.46000,102.47000,19017373,0.013852,102.45000,102.46000,101.51000,0.015413,0.015146,0.018789,0.018494,0.012742
47896,2020-09-15,JPM,JPMORGAN CHASE & CO,99.14000,102.85000,99.28000,23682973,-0.031131,99.26000,99.27000,102.73000,0.005411,0.005368,0.003102,0.002938,0.005219
47896,2020-09-16,JPM,JPMORGAN CHASE & CO,98.76000,101.13000,99.70000,19284239,0.004230,99.76000,99.78000,99.43000,-0.003147,-0.003176,0.006364,0.006322,-0.004619
47896,2020-09-17,JPM,JPMORGAN CHASE & CO,97.71000,99.34330,98.56000,18290104,-0.011434,98.56000,98.57000,98.70000,-0.007869,-0.007896,-0.001762,-0.001807,-0.008412
47896,2020-09-18,JPM,JPMORGAN CHASE & CO,97.44000,99.49000,98.35000,20121579,-0.002131,98.34000,98.38000,97.89000,-0.008825,-0.008880,-0.002155,-0.002260,-0.011183
47896,2020-09-21,JPM,JPMORGAN CHASE & CO,93.82000,96.05000,95.31000,28378768,-0.030910,95.28000,95.30000,95.20000,-0.012511,-0.012625,-0.025050,-0.025231,-0.011571
47896,2020-09-22,JPM,JPMORGAN CHASE & CO,93.67000,95.66000,94.27000,19257004,-0.010912,94.26000,94.27000,94.96000,0.009333,0.009320,0.001005,0.000876,0.010518
47896,2020-09-23,JPM,JPMORGAN CHASE & CO,92.66170,95.35000,92.74000,19952667,-0.016230,92.74000,92.75000,94.78000,-0.024029,-0.024165,-0.022973,-0.023074,-0.023721
47896,2020-09-24,JPM,JPMORGAN CHASE & CO,91.38000,94.30000,92.66000,18366522,-0.000863,92.66000,92.69000,92.32000,0.002036,0.001984,-0.000532,-0.000668,0.002987
47896,2020-09-25,JPM,JPMORGAN CHASE & CO,91.87000,93.71500,93.47000,13293076,0.008742,93.47000,93.48000,92.05000,0.015674,0.015596,0.011544,0.011515,0.015977
47896,2020-09-28,JPM,JPMORGAN CHASE & CO,94.35000,96.93000,96.16000,20894106,0.028779,96.20000,96.22000,95.06000,0.016584,0.016581,0.017632,0.017605,0.016111
47896,2020-09-29,JPM,JPMORGAN CHASE & CO,94.33200,96.03000,95.35000,12854673,-0.008424,95.35000,95.37000,96.03000,-0.004001,-0.004196,0.000601,0.000407,-0.004813
47896,2020-09-30,JPM,JPMORGAN CHASE & CO,95.26000,97.19750,96.27000,16400587,0.009649,96.23000,96.25000,95.35000,0.006881,0.006840,0.001363,0.001314,0.008254
47896,2020-10-01,JPM,JPMORGAN CHASE & CO,96.03000,97.77000,96.97000,15778666,0.007271,96.97000,96.99000,97.12000,0.007865,0.007743,0.007672,0.007529,0.005293
47896,2020-10-02,JPM,JPMORGAN CHASE & CO,95.09000,98.59000,97.89000,15149570,0.009487,97.88000,97.89000,95.25000,-0.007735,-0.007742,0.002193,0.002166,-0.009572
47896,2020-10-05,JPM,JPMORGAN CHASE & CO,97.53000,99.25000,99.04000,13871881,0.020942,99.04000,99.06000,98.32000,0.018302,0.018212,0.017802,0.017778,0.017976
47896,2020-10-06,JPM,JPMORGAN CHASE & CO,97.51010,100.86000,98.02000,19220440,-0.010299,97.99000,98.02000,100.07000,-0.011910,-0.011937,-0.003646,-0.003654,-0.013988
47896,2020-10-07,JPM,JPMORGAN CHASE & CO,98.66580,100.35000,99.73000,16358533,0.017445,99.73000,99.74000,98.96000,0.017039,0.017018,0.016556,0.016532,0.017406
47896,2020-10-08,JPM,JPMORGAN CHASE & CO,99.89500,101.92000,101.78000,15659016,0.020555,101.78000,101.79000,100.51000,0.008516,0.008286,0.011604,0.011552,0.008007
47896,2020-10-09,JPM,JPMORGAN CHASE & CO,100.11000,102.10500,101.20000,13689115,-0.005699,101.19000,101.20000,102.00000,0.008550,0.008531,0.004725,0.004672,0.008791
47896,2020-10-12,JPM,JPMORGAN CHASE & CO,100.85000,103.00000,102.44000,16057978,0.012253,102.44000,102.48000,101.10000,0.013469,0.013469,0.004512,0.004512,0.016419
47896,2020-10-13,JPM,JPMORGAN CHASE & CO,100.26000,103.22000,100.78000,21697310,-0.016205,100.73000,100.78000,103.00000,-0.004951,-0.004954,-0.005418,-0.005450,-0.006307
47896,2020-10-14,JPM,JPMORGAN CHASE & CO,100.10000,101.92500,100.22000,15214907,-0.005557,100.22000,100.25000,101.03000,-0.006017,-0.006099,-0.003401,-0.003548,-0.006623
47896,2020-10-15,JPM,JPMORGAN CHASE & CO,99.04000,101.78000,101.72000,17171199,0.014967,101.75000,101.78000,99.10000,-0.000777,-0.000799,0.002481,0.002431,-0.001528
47896,2020-10-16,JPM,JPMORGAN CHASE & CO,100.72300,102.33000,101.51000,13276397,-0.002064,101.48000,101.49000,101.41000,-0.000707,-0.000723,-0.000596,-0.000620,0.000135
47896,2020-10-19,JPM,JPMORGAN CHASE & CO,99.56000,101.87000,99.80000,11725674,-0.016846,99.80000,99.83000,101.60000,-0.014167,-0.014173,-0.006850,-0.006894,-0.016330
47896,2020-10-20,JPM,JPMORGAN CHASE & CO,100.12000,101.77000,100.37000,11257070,0.005711,100.35000,100.36000,100.31000,0.003821,0.003808,0.004499,0.004487,0.004727
47896,2020-10-21,JPM,JPMORGAN CHASE & CO,99.33000,100.99000,99.37000,10730521,-0.009963,99.33000,99.37000,100.36000,-0.003440,-0.003457,-0.004248,-0.004265,-0.002196
47896,2020-10-22,JPM,JPMORGAN CHASE & CO,99.31000,103.24000,102.88000,14837204,0.035322,102.88000,102.89000,99.32000,0.006130,0.006067,0.008828,0.008755,0.005219
47896,2020-10-23,JPM,JPMORGAN CHASE & CO,102.93000,104.45000,103.81000,15087611,0.009040,103.83000,103.84000,103.50000,0.003817,0.003774,0.004067,0.004026,0.003446
47896,2020-10-26,JPM,JPMORGAN CHASE & CO,100.25000,102.70000,101.24000,12410742,-0.024757,101.24000,101.26000,102.65000,-0.018085,-0.018090,-0.019334,-0.019338,-0.018590
47896,2020-10-27,JPM,JPMORGAN CHASE & CO,99.16000,100.92000,99.33000,10391663,-0.018866,99.31000,99.33000,100.51000,-0.003025,-0.003037,-0.006574,-0.006584,-0.003026
47896,2020-10-28,JPM,JPMORGAN CHASE & CO,96.07000,98.30000,96.54000,16389464,-0.028088,96.56000,96.57000,97.50000,-0.032808,-0.032813,-0.027019,-0.027038,-0.035288
47896,2020-10-29,JPM,JPMORGAN CHASE & CO,95.23970,97.98000,97.17000,14208820,0.006526,97.16000,97.17000,96.12000,0.010473,0.010352,0.009178,0.009055,0.011947
47896,2020-10-30,JPM,JPMORGAN CHASE & CO,96.23000,98.42000,98.04000,15200685,0.008953,98.00000,98.03000,97.91000,-0.013112,-0.013209,-0.011517,-0.011617,-0.012130
47896,2020-11-02,JPM,JPMORGAN CHASE & CO,97.86000,100.88000,100.25000,15011597,0.022542,100.24000,100.27000,99.39000,0.012086,0.012024,0.012978,0.012859,0.012318
47896,2020-11-03,JPM,JPMORGAN CHASE & CO,102.69000,104.74000,103.41000,17482590,0.031521,103.37000,103.40000,103.02000,0.018824,0.018817,0.019996,0.019984,0.017799
47896,2020-11-04,JPM,JPMORGAN CHASE & CO,98.93000,102.07000,100.25000,18886518,-0.030558,100.21000,100.23000,101.00000,0.019588,0.019583,0.002001,0.001974,0.022047
47896,2020-11-05,JPM,JPMORGAN CHASE & CO,101.00000,105.09500,104.35000,17837373,0.040898,104.32000,104.33000,101.06000,0.021074,0.020945,0.022564,0.022446,0.019460
47896,2020-11-06,JPM,JPMORGAN CHASE & CO,102.39000,105.10000,102.96000,12552785,-0.013321,102.98000,103.00000,105.03000,-0.000045,-0.000155,-0.005092,-0.005173,-0.000288
47896,2020-11-09,JPM,JPMORGAN CHASE & CO,110.35000,118.90000,116.90000,47792406,0.135392,116.98000,117.05000,113.16000,0.010634,0.010550,0.030519,0.030438,0.011700
47896,2020-11-10,JPM,JPMORGAN CHASE & CO,114.69000,117.45000,116.52000,20539339,-0.003251,116.50000,116.51000,117.35000,-0.000557,-0.000671,0.010308,0.010235,-0.001400
47896,2020-11-11,JPM,JPMORGAN CHASE & CO,113.96000,116.96000,114.78000,14443409,-0.014933,114.80000,114.82000,116.89000,0.008042,0.008042,0.003495,0.003495,0.007652
47896,2020-11-12,JPM,JPMORGAN CHASE & CO,112.05500,113.95500,113.37000,22066464,-0.012284,113.36000,113.41000,112.53000,-0.009669,-0.009857,-0.010293,-0.010484,-0.009979
47896,2020-11-13,JPM,JPMORGAN CHASE & CO,113.57010,114.86000,114.08000,11856870,0.006263,114.06000,114.07000,114.70000,0.013293,0.013201,0.016427,0.016278,0.013610
47896,2020-11-16,JPM,JPMORGAN CHASE & CO,115.73180,118.61000,117.30000,19858562,0.028226,117.36000,117.40000,117.79000,0.012334,0.012309,0.018089,0.018049,0.011648
47896,2020-11-17,JPM,JPMORGAN CHASE & CO,114.58000,116.44000,116.11000,14553245,-0.010145,116.14000,116.15000,115.39000,-0.001528,-0.001629,0.002840,0.002788,-0.004792
47896,2020-11-18,JPM,JPMORGAN CHASE & CO,115.20000,118.61000,115.25000,12571217,-0.007407,115.24000,115.25000,117.34000,-0.009049,-0.009173,-0.004338,-0.004392,-0.011564
47896,2020-11-19,JPM,JPMORGAN CHASE & CO,113.56000,115.82000,115.56000,10202538,0.002690,115.55000,115.56000,114.18000,0.005837,0.005775,0.007978,0.007871,0.003946
47896,2020-11-20,JPM,JPMORGAN CHASE & CO,114.09000,115.65000,114.57000,12720823,-0.008567,114.60000,114.62000,114.43000,-0.004295,-0.004321,0.002009,0.001901,-0.006793
47896,2020-11-23,JPM,JPMORGAN CHASE & CO,115.57000,118.17000,117.87000,13209211,0.028803,117.86000,117.87000,116.05000,0.007981,0.007891,0.016264,0.016177,0.005636
47896,2020-11-24,JPM,JPMORGAN CHASE & CO,119.71000,123.50000,123.32000,20121557,0.046237,123.31000,123.32000,120.07000,0.015105,0.015050,0.017018,0.016959,0.016162
47896,2020-11-25,JPM,JPMORGAN CHASE & CO,120.46500,122.38000,122.03000,11715627,-0.010461,122.03000,122.04000,121.37000,0.000178,0.000145,0.001262,0.001222,-0.001584
47896,2020-11-27,JPM,JPMORGAN CHASE & CO,121.08000,122.35000,121.22000,5983627,-0.006638,121.27000,121.33000,122.00000,0.003998,0.003888,0.006484,0.006356,0.002397
47896,2020-11-30,JPM,JPMORGAN CHASE & CO,117.77000,120.71990,117.88000,14411847,-0.027553,118.09000,118.10000,120.00000,-0.005743,-0.005872,-0.009174,-0.009288,-0.004595
47896,2020-12-01,JPM,JPMORGAN CHASE & CO,119.62760,121.58000,119.74000,12678222,0.015779,119.69000,119.73000,120.34000,0.009645,0.009489,0.006593,0.006495,0.011271
47896,2020-12-02,JPM,JPMORGAN CHASE & CO,119.27000,122.31000,122.04000,10811255,0.019208,122.04000,122.05000,119.70000,0.001192,0.001120,0.003558,0.003542,0.001791
47896,2020-12-03,JPM,JPMORGAN CHASE & CO,120.36000,121.88500,121.24000,12904414,-0.006555,121.22000,121.23000,121.85000,0.002272,0.002123,0.006908,0.006804,-0.000624
47896,2020-12-04,JPM,JPMORGAN CHASE & CO,121.69010,123.29000,122.34000,13583654,0.009073,122.34000,122.36000,122.48000,0.010477,0.010436,0.017045,0.017028,0.008836
47896,2020-12-07,JPM,JPMORGAN CHASE & CO,120.21000,122.17000,121.88000,9724307,-0.003760,121.87000,121.88000,121.15000,-0.000220,-0.000224,-0.000558,-0.000567,-0.001936
47896,2020-12-08,JPM,JPMORGAN CHASE & CO,120.76000,122.33000,122.00000,9592124,0.000985,122.00000,122.01000,121.04000,0.004283,0.004251,0.007310,0.007297,0.002787
47896,2020-12-09,JPM,JPMORGAN CHASE & CO,120.44000,123.30000,121.05000,13073933,-0.007787,120.94000,120.95000,123.17000,-0.009558,-0.009600,-0.005794,-0.005821,-0.007949
47896,2020-12-10,JPM,JPMORGAN CHASE & CO,119.56000,120.77810,120.27000,13668420,-0.006444,120.27000,120.28000,119.99000,0.002640,0.002529,0.009297,0.009158,-0.001285
47896,2020-12-11,JPM,JPMORGAN CHASE & CO,118.37000,120.02000,119.56000,9981643,-0.005903,119.55000,119.56000,118.94000,-0.002252,-0.002278,-0.004281,-0.004330,-0.001265
47896,2020-12-14,JPM,JPMORGAN CHASE & CO,118.10500,121.42000,118.30000,12112352,-0.010539,118.22000,118.25000,121.33500,-0.003267,-0.003563,-0.002346,-0.002817,-0.004359
47896,2020-12-15,JPM,JPMORGAN CHASE & CO,118.62000,120.90000,120.32000,12591419,0.017075,120.33000,120.39000,119.29000,0.013083,0.013062,0.013858,0.013784,0.012921
47896,2020-12-16,JPM,JPMORGAN CHASE & CO,119.86000,121.08000,120.67000,11169364,0.002909,120.63000,120.66000,120.30000,0.001387,0.001375,0.000409,0.000327,0.001773
47896,2020-12-17,JPM,JPMORGAN CHASE & CO,119.58000,121.45000,119.67000,11618001,-0.008287,119.67000,119.70000,121.26000,0.007947,0.007883,0.011095,0.010972,0.005758
47896,2020-12-18,JPM,JPMORGAN CHASE & CO,118.27000,119.88370,119.08000,28954764,-0.004930,118.61000,118.75000,119.14000,-0.002101,-0.002218,-0.002766,-0.003028,-0.003511
47896,2020-12-21,JPM,JPMORGAN CHASE & CO,121.09000,125.00000,123.55000,28323642,0.037538,123.55000,123.58000,123.17000,-0.002928,-0.003061,-0.001855,-0.002172,-0.003906
47896,2020-12-22,JPM,JPMORGAN CHASE & CO,121.61000,123.52000,121.67000,11808882,-0.015217,121.66000,121.67000,123.39000,0.000602,0.000527,0.003866,0.003756,-0.002073
47896,2020-12-23,JPM,JPMORGAN CHASE & CO,122.35000,126.52000,125.07000,14973226,0.027944,125.08000,125.09000,122.78000,0.001445,0.001420,0.010842,0.010702,0.000746
47896,2020-12-24,JPM,JPMORGAN CHASE & CO,123.57000,125.55000,124.52000,4164948,-0.004398,124.56000,124.61000,125.09000,0.002330,0.002195,-0.000277,-0.000458,0.003537
47896,2020-12-28,JPM,JPMORGAN CHASE & CO,124.78860,126.65000,125.34000,8072641,0.006585,125.35000,125.37000,125.82000,0.003847,0.003836,0.001350,0.001304,0.008723
47896,2020-12-29,JPM,JPMORGAN CHASE & CO,124.89000,126.27990,125.01000,8389199,-0.002633,125.01000,125.02000,126.20000,-0.003652,-0.003660,-0.008483,-0.008656,-0.002227
47896,2020-12-30,JPM,JPMORGAN CHASE & CO,124.90000,125.84500,125.36000,7397964,0.002800,125.40000,125.41000,125.49000,0.003291,0.003124,0.010155,0.009754,0.001342
47896,2020-12-31,JPM,JPMORGAN CHASE & CO,124.82000,127.33000,127.07000,8580214,0.013641,126.96000,126.97000,125.09000,0.003558,0.003499,-0.001058,-0.001129,0.006439
